#
# There is insufficient memory for the Java Runtime Environment to continue.
# Native memory allocation (mmap) failed to map 362807296 bytes. Error detail: G1 virtual space
# Possible reasons:
#   The system is out of physical RAM or swap space
#   This process is running with CompressedOops enabled, and the Java Heap may be blocking the growth of the native heap
# Possible solutions:
#   Reduce memory load on the system
#   Increase physical memory or swap space
#   Check if swap backing store is full
#   Decrease Java heap size (-Xmx/-Xms)
#   Decrease number of Java threads
#   Decrease Java thread stack sizes (-Xss)
#   Set larger code cache with -XX:ReservedCodeCacheSize=
#   JVM is running with Unscaled Compressed Oops mode in which the Java heap is
#     placed in the first 4GB address space. The Java Heap base address is the
#     maximum limit for the native heap growth. Please use -XX:HeapBaseMinAddress
#     to set the Java Heap base and to place the Java Heap above 4GB virtual address.
# This output file may be truncated or incomplete.
#
#  Out of Memory Error (os_windows.cpp:3618), pid=13812, tid=2484
#
# JRE version: OpenJDK Runtime Environment Temurin-17.0.19+10 (17.0.19+10) (build 17.0.19+10)
# Java VM: OpenJDK 64-Bit Server VM Temurin-17.0.19+10 (17.0.19+10, mixed mode, sharing, tiered, compressed oops, compressed class ptrs, g1 gc, windows-amd64)
# No core dump will be written. Minidumps are not enabled by default on client versions of Windows
#

---------------  S U M M A R Y ------------

Command Line: --add-opens=java.base/java.lang=ALL-UNNAMED --add-opens=java.base/java.lang.invoke=ALL-UNNAMED --add-opens=java.base/java.util=ALL-UNNAMED --add-opens=java.prefs/java.util.prefs=ALL-UNNAMED --add-exports=jdk.compiler/com.sun.tools.javac.api=ALL-UNNAMED --add-exports=jdk.compiler/com.sun.tools.javac.util=ALL-UNNAMED --add-opens=java.base/java.util=ALL-UNNAMED --add-opens=java.prefs/java.util.prefs=ALL-UNNAMED --add-opens=java.base/java.nio.charset=ALL-UNNAMED --add-opens=java.base/java.net=ALL-UNNAMED --add-opens=java.base/java.util.concurrent.atomic=ALL-UNNAMED --add-opens=java.xml/javax.xml.namespace=ALL-UNNAMED -XX:MaxMetaspaceSize=512m -Xmx2048m -Dfile.encoding=windows-1252 -Duser.country=US -Duser.language=en -Duser.variant -javaagent:C:\Users\USER\.gradle\wrapper\dists\gradle-8.13-bin\5xuhj0ry160q40clulazy9h7d\gradle-8.13\lib\agents\gradle-instrumentation-agent-8.13.jar org.gradle.launcher.daemon.bootstrap.GradleDaemon 8.13

Host: Intel(R) Core(TM) i7-8650U CPU @ 1.90GHz, 8 cores, 15G,  Windows 11 , 64 bit Build 22621 (10.0.22621.5415)
Time: Sat May 23 23:14:48 2026 Greenwich Standard Time elapsed time: 27991.991216 seconds (0d 7h 46m 31s)

---------------  T H R E A D  ---------------

Current thread (0x00000260adc84a00):  VMThread "VM Thread" [stack: 0x0000008ba1f00000,0x0000008ba2000000] [id=2484]

Stack: [0x0000008ba1f00000,0x0000008ba2000000]
Native frames: (J=compiled Java code, j=interpreted, Vv=VM code, C=native code)
V  [jvm.dll+0x684b29]
V  [jvm.dll+0x83a2d5]
V  [jvm.dll+0x83bd4e]
V  [jvm.dll+0x83c3d3]
V  [jvm.dll+0x24905f]
V  [jvm.dll+0x6818e9]
V  [jvm.dll+0x6766ea]
V  [jvm.dll+0x3093b7]
V  [jvm.dll+0x3109a6]
V  [jvm.dll+0x360f1e]
V  [jvm.dll+0x36115d]
V  [jvm.dll+0x2e043c]
V  [jvm.dll+0x2de812]
V  [jvm.dll+0x2ddfac]
V  [jvm.dll+0x320c6b]
V  [jvm.dll+0x840bed]
V  [jvm.dll+0x841923]
V  [jvm.dll+0x841e4f]
V  [jvm.dll+0x842235]
V  [jvm.dll+0x8422fe]
V  [jvm.dll+0x7eaf1c]
V  [jvm.dll+0x6839f7]
C  [ucrtbase.dll+0x29333]
C  [KERNEL32.DLL+0x1259d]
C  [ntdll.dll+0x5af78]

VM_Operation (0x0000008ba2dfe930): G1CollectForAllocation, mode: safepoint, requested by thread 0x00000260cee42690


---------------  P R O C E S S  ---------------

Threads class SMR info:
_java_thread_list=0x00000260d3c4ee80, length=120, elements={
0x000002608f7710c0, 0x00000260adc8fd50, 0x00000260adc90bd0, 0x00000260adc9e920,
0x00000260cd007610, 0x00000260cd00c0f0, 0x00000260cd00cab0, 0x00000260cd00d7a0,
0x00000260cd00e250, 0x00000260cd00ec50, 0x00000260adc726a0, 0x00000260cd1c91e0,
0x00000260cee42690, 0x00000260cef65f20, 0x00000260cef55a40, 0x00000260ceebc740,
0x00000260ceebb300, 0x00000260ceebbd20, 0x00000260ceebc230, 0x00000260cf40aec0,
0x00000260cf4104d0, 0x00000260cf409570, 0x00000260cf40f5a0, 0x00000260cf40dc50,
0x00000260cda5dcc0, 0x00000260d002db20, 0x00000260d0029440, 0x00000260cd13d8a0,
0x00000260cd13c460, 0x00000260cd13bf50, 0x00000260cd1396d0, 0x00000260cd13fc10,
0x00000260cd139be0, 0x00000260cd13a0f0, 0x00000260cd13a600, 0x00000260cd13b530,
0x00000260cf583f80, 0x00000260cf581c10, 0x00000260cf582b40, 0x00000260cf57e970,
0x00000260cf5811f0, 0x00000260cf57ee80, 0x00000260cf5802c0, 0x00000260cf5849a0,
0x00000260cf580ce0, 0x00000260cf57f390, 0x00000260cf584490, 0x00000260cf5807d0,
0x00000260cf57fdb0, 0x00000260cf581700, 0x00000260cf584eb0, 0x00000260cf582630,
0x00000260cf583560, 0x00000260cf57f8a0, 0x00000260cf583a70, 0x00000260cf57da40,
0x00000260cf5853c0, 0x00000260cf57df50, 0x00000260cf57e460, 0x00000260d01e6230,
0x00000260d01e85a0, 0x00000260d01e6c50, 0x00000260d01e94d0, 0x00000260d01e2060,
0x00000260d01e99e0, 0x00000260d01e34a0, 0x00000260d01e39b0, 0x00000260d01e2a80,
0x00000260d01e3ec0, 0x00000260d01e4df0, 0x00000260d01e2f90, 0x00000260d01e43d0,
0x00000260d01e48e0, 0x00000260d01e7160, 0x00000260d01e5300, 0x00000260d01e5810,
0x00000260d01e7670, 0x00000260d01e7b80, 0x00000260d01e8090, 0x00000260d002d610,
0x00000260d0028000, 0x00000260d002b7b0, 0x00000260d002cbf0, 0x00000260d0028510,
0x00000260d002d100, 0x00000260d0028a20, 0x00000260d002b2a0, 0x00000260d002ad90,
0x00000260d00261a0, 0x00000260d002c1d0, 0x00000260d002a880, 0x00000260d002c6e0,
0x00000260d002bcc0, 0x00000260d00266b0, 0x00000260d0028f30, 0x00000260d0029950,
0x00000260d0029e60, 0x00000260d002a370, 0x00000260d00275e0, 0x00000260d00270d0,
0x00000260d0027af0, 0x00000260cf40d230, 0x00000260cf409060, 0x00000260cf40c300,
0x00000260cf40b3d0, 0x00000260cf40a4a0, 0x00000260cf40c810, 0x00000260cf40eb80,
0x00000260cf4109e0, 0x00000260cf409f90, 0x00000260cf40e670, 0x00000260cf409a80,
0x00000260cf40d740, 0x00000260cf40cd20, 0x00000260cf40a9b0, 0x00000260cda5d2a0,
0x00000260cda595e0, 0x00000260cda590d0, 0x00000260cda5f100, 0x00000260cda5f610
}

Java Threads: ( => current thread )
  0x000002608f7710c0 JavaThread "main" [_thread_blocked, id=22672, stack(0x0000008ba1900000,0x0000008ba1a00000)]
  0x00000260adc8fd50 JavaThread "Reference Handler" daemon [_thread_blocked, id=24368, stack(0x0000008ba2000000,0x0000008ba2100000)]
  0x00000260adc90bd0 JavaThread "Finalizer" daemon [_thread_blocked, id=13632, stack(0x0000008ba2100000,0x0000008ba2200000)]
  0x00000260adc9e920 JavaThread "Signal Dispatcher" daemon [_thread_blocked, id=25744, stack(0x0000008ba2200000,0x0000008ba2300000)]
  0x00000260cd007610 JavaThread "Attach Listener" daemon [_thread_blocked, id=15100, stack(0x0000008ba2300000,0x0000008ba2400000)]
  0x00000260cd00c0f0 JavaThread "Service Thread" daemon [_thread_blocked, id=15124, stack(0x0000008ba2400000,0x0000008ba2500000)]
  0x00000260cd00cab0 JavaThread "Monitor Deflation Thread" daemon [_thread_blocked, id=26136, stack(0x0000008ba2500000,0x0000008ba2600000)]
  0x00000260cd00d7a0 JavaThread "C2 CompilerThread0" daemon [_thread_blocked, id=14360, stack(0x0000008ba2600000,0x0000008ba2700000)]
  0x00000260cd00e250 JavaThread "C1 CompilerThread0" daemon [_thread_blocked, id=13468, stack(0x0000008ba2700000,0x0000008ba2800000)]
  0x00000260cd00ec50 JavaThread "Sweeper thread" daemon [_thread_blocked, id=21120, stack(0x0000008ba2800000,0x0000008ba2900000)]
  0x00000260adc726a0 JavaThread "Common-Cleaner" daemon [_thread_blocked, id=2908, stack(0x0000008ba2900000,0x0000008ba2a00000)]
  0x00000260cd1c91e0 JavaThread "Notification Thread" daemon [_thread_blocked, id=14344, stack(0x0000008ba2a00000,0x0000008ba2b00000)]
  0x00000260cee42690 JavaThread "Daemon health stats" [_thread_blocked, id=16460, stack(0x0000008ba2d00000,0x0000008ba2e00000)]
  0x00000260cef65f20 JavaThread "Incoming local TCP Connector on port 54628" [_thread_in_native, id=4404, stack(0x0000008ba2c00000,0x0000008ba2d00000)]
  0x00000260cef55a40 JavaThread "Daemon periodic checks" [_thread_blocked, id=15896, stack(0x0000008ba3400000,0x0000008ba3500000)]
  0x00000260ceebc740 JavaThread "Daemon" [_thread_blocked, id=17576, stack(0x0000008ba3500000,0x0000008ba3600000)]
  0x00000260ceebb300 JavaThread "Daemon worker" [_thread_in_native, id=15516, stack(0x0000008ba3800000,0x0000008ba3900000)]
  0x00000260ceebbd20 JavaThread "Cache worker for journal cache (C:\Users\USER\.gradle\caches\journal-1)" [_thread_blocked, id=19128, stack(0x0000008ba3c00000,0x0000008ba3d00000)]
  0x00000260ceebc230 JavaThread "File lock request listener" [_thread_in_native, id=28020, stack(0x0000008ba3d00000,0x0000008ba3e00000)]
  0x00000260cf40aec0 JavaThread "Cache worker for file hash cache (C:\Users\USER\.gradle\caches\8.13\fileHashes)" [_thread_blocked, id=22316, stack(0x0000008ba3e00000,0x0000008ba3f00000)]
  0x00000260cf4104d0 JavaThread "File watcher server" daemon [_thread_in_native, id=12576, stack(0x0000008ba4500000,0x0000008ba4600000)]
  0x00000260cf409570 JavaThread "File watcher consumer" daemon [_thread_blocked, id=1612, stack(0x0000008ba4600000,0x0000008ba4700000)]
  0x00000260cf40f5a0 JavaThread "jar transforms" [_thread_blocked, id=25428, stack(0x0000008ba4700000,0x0000008ba4800000)]
  0x00000260cf40dc50 JavaThread "Cache worker for file content cache (C:\Users\USER\.gradle\caches\8.13\fileContent)" [_thread_blocked, id=25760, stack(0x0000008ba4900000,0x0000008ba4a00000)]
  0x00000260cda5dcc0 JavaThread "Memory manager" [_thread_blocked, id=11980, stack(0x0000008ba3f00000,0x0000008ba4000000)]
  0x00000260d002db20 JavaThread "jar transforms Thread 2" [_thread_blocked, id=23112, stack(0x0000008baaf00000,0x0000008bab000000)]
  0x00000260d0029440 JavaThread "jar transforms Thread 3" [_thread_blocked, id=20720, stack(0x0000008ba3300000,0x0000008ba3400000)]
  0x00000260cd13d8a0 JavaThread "jar transforms Thread 4" [_thread_blocked, id=23264, stack(0x0000008bab700000,0x0000008bab800000)]
  0x00000260cd13c460 JavaThread "jar transforms Thread 5" [_thread_blocked, id=18740, stack(0x0000008bab800000,0x0000008bab900000)]
  0x00000260cd13bf50 JavaThread "jar transforms Thread 6" [_thread_blocked, id=9868, stack(0x0000008bab900000,0x0000008baba00000)]
  0x00000260cd1396d0 JavaThread "Handler for socket connection from /127.0.0.1:54628 to /127.0.0.1:60884" [_thread_in_native, id=22016, stack(0x0000008ba1600000,0x0000008ba1700000)]
  0x00000260cd13fc10 JavaThread "Cancel handler" [_thread_blocked, id=25096, stack(0x0000008ba1700000,0x0000008ba1800000)]
  0x00000260cd139be0 JavaThread "Asynchronous log dispatcher for DefaultDaemonConnection: socket connection from /127.0.0.1:54628 to /127.0.0.1:60884" [_thread_blocked, id=21292, stack(0x0000008ba1800000,0x0000008ba1900000)]
  0x00000260cd13a0f0 JavaThread "Stdin handler" [_thread_blocked, id=3064, stack(0x0000008ba3600000,0x0000008ba3700000)]
  0x00000260cd13a600 JavaThread "Daemon client event forwarder" [_thread_blocked, id=4424, stack(0x0000008ba3700000,0x0000008ba3800000)]
  0x00000260cd13b530 JavaThread "Cache worker for file hash cache (C:\Users\USER\Desktop\Tboye Projects\SMSGate-App\android\.gradle\8.13\fileHashes)" [_thread_blocked, id=12560, stack(0x0000008ba3a00000,0x0000008ba3b00000)]
  0x00000260cf583f80 JavaThread "Cache worker for Build Output Cleanup Cache (C:\Users\USER\Desktop\Tboye Projects\SMSGate-App\android\.gradle\buildOutputCleanup)" [_thread_blocked, id=16896, stack(0x0000008ba3b00000,0x0000008ba3c00000)]
  0x00000260cf581c10 JavaThread "Cache worker for checksums cache (C:\Users\USER\Desktop\Tboye Projects\SMSGate-App\android\.gradle\8.13\checksums)" [_thread_blocked, id=3888, stack(0x0000008ba4800000,0x0000008ba4900000)]
  0x00000260cf582b40 JavaThread "Cache worker for cache directory md-supplier (C:\Users\USER\.gradle\caches\8.13\md-supplier)" [_thread_blocked, id=21364, stack(0x0000008ba4a00000,0x0000008ba4b00000)]
  0x00000260cf57e970 JavaThread "Cache worker for cache directory md-rule (C:\Users\USER\.gradle\caches\8.13\md-rule)" [_thread_blocked, id=19920, stack(0x0000008ba4b00000,0x0000008ba4c00000)]
  0x00000260cf5811f0 JavaThread "Cache worker for Build Output Cleanup Cache (C:\Users\USER\Desktop\Tboye Projects\SMSGate-App\node_modules\@react-native\gradle-plugin\.gradle\buildOutputCleanup)" [_thread_blocked, id=9900, stack(0x0000008ba4c00000,0x0000008ba4d00000)]
  0x00000260cf57ee80 JavaThread "Unconstrained build operations" [_thread_blocked, id=4024, stack(0x0000008ba4d00000,0x0000008ba4e00000)]
  0x00000260cf5802c0 JavaThread "Unconstrained build operations Thread 2" [_thread_blocked, id=13144, stack(0x0000008ba4e00000,0x0000008ba4f00000)]
  0x00000260cf5849a0 JavaThread "Unconstrained build operations Thread 3" [_thread_blocked, id=19300, stack(0x0000008ba4f00000,0x0000008ba5000000)]
  0x00000260cf580ce0 JavaThread "Unconstrained build operations Thread 4" [_thread_blocked, id=22824, stack(0x0000008ba5000000,0x0000008ba5100000)]
  0x00000260cf57f390 JavaThread "Unconstrained build operations Thread 5" [_thread_blocked, id=2128, stack(0x0000008ba5100000,0x0000008ba5200000)]
  0x00000260cf584490 JavaThread "Unconstrained build operations Thread 6" [_thread_blocked, id=10572, stack(0x0000008ba5200000,0x0000008ba5300000)]
  0x00000260cf5807d0 JavaThread "Unconstrained build operations Thread 7" [_thread_blocked, id=12708, stack(0x0000008ba5300000,0x0000008ba5400000)]
  0x00000260cf57fdb0 JavaThread "Unconstrained build operations Thread 8" [_thread_blocked, id=26164, stack(0x0000008ba5400000,0x0000008ba5500000)]
  0x00000260cf581700 JavaThread "Unconstrained build operations Thread 9" [_thread_blocked, id=2612, stack(0x0000008ba5500000,0x0000008ba5600000)]
  0x00000260cf584eb0 JavaThread "Unconstrained build operations Thread 10" [_thread_blocked, id=12992, stack(0x0000008ba5600000,0x0000008ba5700000)]
  0x00000260cf582630 JavaThread "Unconstrained build operations Thread 11" [_thread_blocked, id=11420, stack(0x0000008ba5700000,0x0000008ba5800000)]
  0x00000260cf583560 JavaThread "Unconstrained build operations Thread 12" [_thread_blocked, id=28464, stack(0x0000008ba5800000,0x0000008ba5900000)]
  0x00000260cf57f8a0 JavaThread "Unconstrained build operations Thread 13" [_thread_blocked, id=6616, stack(0x0000008ba5900000,0x0000008ba5a00000)]
  0x00000260cf583a70 JavaThread "Unconstrained build operations Thread 14" [_thread_blocked, id=312, stack(0x0000008ba5a00000,0x0000008ba5b00000)]
  0x00000260cf57da40 JavaThread "Unconstrained build operations Thread 15" [_thread_blocked, id=18448, stack(0x0000008ba5b00000,0x0000008ba5c00000)]
  0x00000260cf5853c0 JavaThread "Unconstrained build operations Thread 16" [_thread_blocked, id=3004, stack(0x0000008ba5c00000,0x0000008ba5d00000)]
  0x00000260cf57df50 JavaThread "Unconstrained build operations Thread 17" [_thread_blocked, id=10272, stack(0x0000008ba5d00000,0x0000008ba5e00000)]
  0x00000260cf57e460 JavaThread "Unconstrained build operations Thread 18" [_thread_blocked, id=6316, stack(0x0000008ba5e00000,0x0000008ba5f00000)]
  0x00000260d01e6230 JavaThread "build event listener" [_thread_blocked, id=26128, stack(0x0000008ba5f00000,0x0000008ba6000000)]
  0x00000260d01e85a0 JavaThread "Execution worker" [_thread_blocked, id=11164, stack(0x0000008ba6100000,0x0000008ba6200000)]
  0x00000260d01e6c50 JavaThread "Execution worker Thread 2" [_thread_blocked, id=7104, stack(0x0000008ba6200000,0x0000008ba6300000)]
  0x00000260d01e94d0 JavaThread "Execution worker Thread 3" [_thread_blocked, id=20296, stack(0x0000008ba6300000,0x0000008ba6400000)]
  0x00000260d01e2060 JavaThread "Execution worker Thread 4" [_thread_blocked, id=5364, stack(0x0000008ba6400000,0x0000008ba6500000)]
  0x00000260d01e99e0 JavaThread "Execution worker Thread 5" [_thread_blocked, id=11576, stack(0x0000008ba6500000,0x0000008ba6600000)]
  0x00000260d01e34a0 JavaThread "Execution worker Thread 6" [_thread_blocked, id=27868, stack(0x0000008ba6600000,0x0000008ba6700000)]
  0x00000260d01e39b0 JavaThread "Execution worker Thread 7" [_thread_blocked, id=21384, stack(0x0000008ba6700000,0x0000008ba6800000)]
  0x00000260d01e2a80 JavaThread "Cache worker for execution history cache (C:\Users\USER\Desktop\Tboye Projects\SMSGate-App\node_modules\@react-native\gradle-plugin\.gradle\8.13\executionHistory)" [_thread_blocked, id=14792, stack(0x0000008ba6800000,0x0000008ba6900000)]
  0x00000260d01e3ec0 JavaThread "Unconstrained build operations Thread 19" [_thread_blocked, id=13680, stack(0x0000008ba6900000,0x0000008ba6a00000)]
  0x00000260d01e4df0 JavaThread "Unconstrained build operations Thread 20" [_thread_blocked, id=8772, stack(0x0000008ba7000000,0x0000008ba7100000)]
  0x00000260d01e2f90 JavaThread "Unconstrained build operations Thread 21" [_thread_blocked, id=14256, stack(0x0000008ba7100000,0x0000008ba7200000)]
  0x00000260d01e43d0 JavaThread "Unconstrained build operations Thread 22" [_thread_blocked, id=12736, stack(0x0000008ba7200000,0x0000008ba7300000)]
  0x00000260d01e48e0 JavaThread "Unconstrained build operations Thread 23" [_thread_blocked, id=26496, stack(0x0000008ba7300000,0x0000008ba7400000)]
  0x00000260d01e7160 JavaThread "Unconstrained build operations Thread 24" [_thread_blocked, id=28628, stack(0x0000008ba7400000,0x0000008ba7500000)]
  0x00000260d01e5300 JavaThread "Unconstrained build operations Thread 25" [_thread_blocked, id=15812, stack(0x0000008ba7500000,0x0000008ba7600000)]
  0x00000260d01e5810 JavaThread "Unconstrained build operations Thread 26" [_thread_blocked, id=10560, stack(0x0000008ba7600000,0x0000008ba7700000)]
  0x00000260d01e7670 JavaThread "Unconstrained build operations Thread 27" [_thread_blocked, id=24700, stack(0x0000008ba7700000,0x0000008ba7800000)]
  0x00000260d01e7b80 JavaThread "Unconstrained build operations Thread 28" [_thread_blocked, id=12304, stack(0x0000008ba7800000,0x0000008ba7900000)]
  0x00000260d01e8090 JavaThread "Unconstrained build operations Thread 29" [_thread_blocked, id=24512, stack(0x0000008ba7900000,0x0000008ba7a00000)]
  0x00000260d002d610 JavaThread "Unconstrained build operations Thread 30" [_thread_blocked, id=11624, stack(0x0000008ba7a00000,0x0000008ba7b00000)]
  0x00000260d0028000 JavaThread "Unconstrained build operations Thread 31" [_thread_blocked, id=21436, stack(0x0000008ba7b00000,0x0000008ba7c00000)]
  0x00000260d002b7b0 JavaThread "Unconstrained build operations Thread 32" [_thread_blocked, id=9844, stack(0x0000008ba7c00000,0x0000008ba7d00000)]
  0x00000260d002cbf0 JavaThread "Unconstrained build operations Thread 33" [_thread_blocked, id=16292, stack(0x0000008ba7d00000,0x0000008ba7e00000)]
  0x00000260d0028510 JavaThread "Unconstrained build operations Thread 34" [_thread_blocked, id=25936, stack(0x0000008ba7e00000,0x0000008ba7f00000)]
  0x00000260d002d100 JavaThread "Unconstrained build operations Thread 35" [_thread_blocked, id=18712, stack(0x0000008ba7f00000,0x0000008ba8000000)]
  0x00000260d0028a20 JavaThread "Unconstrained build operations Thread 36" [_thread_blocked, id=8000, stack(0x0000008ba8000000,0x0000008ba8100000)]
  0x00000260d002b2a0 JavaThread "Unconstrained build operations Thread 37" [_thread_blocked, id=2636, stack(0x0000008ba8100000,0x0000008ba8200000)]
  0x00000260d002ad90 JavaThread "Unconstrained build operations Thread 38" [_thread_blocked, id=27032, stack(0x0000008ba8200000,0x0000008ba8300000)]
  0x00000260d00261a0 JavaThread "Unconstrained build operations Thread 39" [_thread_blocked, id=9604, stack(0x0000008ba8300000,0x0000008ba8400000)]
  0x00000260d002c1d0 JavaThread "Unconstrained build operations Thread 40" [_thread_blocked, id=9952, stack(0x0000008ba8400000,0x0000008ba8500000)]
  0x00000260d002a880 JavaThread "Unconstrained build operations Thread 41" [_thread_blocked, id=5368, stack(0x0000008ba8500000,0x0000008ba8600000)]
  0x00000260d002c6e0 JavaThread "Unconstrained build operations Thread 42" [_thread_blocked, id=17188, stack(0x0000008ba8600000,0x0000008ba8700000)]
  0x00000260d002bcc0 JavaThread "Unconstrained build operations Thread 43" [_thread_blocked, id=27800, stack(0x0000008ba8700000,0x0000008ba8800000)]
  0x00000260d00266b0 JavaThread "Unconstrained build operations Thread 44" [_thread_blocked, id=6948, stack(0x0000008ba8800000,0x0000008ba8900000)]
  0x00000260d0028f30 JavaThread "Unconstrained build operations Thread 45" [_thread_blocked, id=14872, stack(0x0000008ba8900000,0x0000008ba8a00000)]
  0x00000260d0029950 JavaThread "Unconstrained build operations Thread 46" [_thread_blocked, id=24900, stack(0x0000008ba8a00000,0x0000008ba8b00000)]
  0x00000260d0029e60 JavaThread "Unconstrained build operations Thread 47" [_thread_blocked, id=26984, stack(0x0000008ba8b00000,0x0000008ba8c00000)]
  0x00000260d002a370 JavaThread "Unconstrained build operations Thread 48" [_thread_blocked, id=17932, stack(0x0000008ba3900000,0x0000008ba3a00000)]
  0x00000260d00275e0 JavaThread "Unconstrained build operations Thread 49" [_thread_blocked, id=20528, stack(0x0000008ba8c00000,0x0000008ba8d00000)]
  0x00000260d00270d0 JavaThread "Unconstrained build operations Thread 50" [_thread_blocked, id=24600, stack(0x0000008ba8d00000,0x0000008ba8e00000)]
  0x00000260d0027af0 JavaThread "Unconstrained build operations Thread 51" [_thread_blocked, id=2120, stack(0x0000008ba8e00000,0x0000008ba8f00000)]
  0x00000260cf40d230 JavaThread "Unconstrained build operations Thread 52" [_thread_blocked, id=13788, stack(0x0000008ba8f00000,0x0000008ba9000000)]
  0x00000260cf409060 JavaThread "Unconstrained build operations Thread 53" [_thread_blocked, id=20240, stack(0x0000008ba9000000,0x0000008ba9100000)]
  0x00000260cf40c300 JavaThread "Unconstrained build operations Thread 54" [_thread_blocked, id=22952, stack(0x0000008ba9100000,0x0000008ba9200000)]
  0x00000260cf40b3d0 JavaThread "Unconstrained build operations Thread 55" [_thread_blocked, id=5080, stack(0x0000008ba9200000,0x0000008ba9300000)]
  0x00000260cf40a4a0 JavaThread "Unconstrained build operations Thread 56" [_thread_blocked, id=9608, stack(0x0000008ba9300000,0x0000008ba9400000)]
  0x00000260cf40c810 JavaThread "Unconstrained build operations Thread 57" [_thread_blocked, id=22420, stack(0x0000008ba9400000,0x0000008ba9500000)]
  0x00000260cf40eb80 JavaThread "Unconstrained build operations Thread 58" [_thread_blocked, id=11388, stack(0x0000008ba9500000,0x0000008ba9600000)]
  0x00000260cf4109e0 JavaThread "Unconstrained build operations Thread 59" [_thread_blocked, id=10680, stack(0x0000008ba9600000,0x0000008ba9700000)]
  0x00000260cf409f90 JavaThread "Unconstrained build operations Thread 60" [_thread_blocked, id=27216, stack(0x0000008ba9700000,0x0000008ba9800000)]
  0x00000260cf40e670 JavaThread "Unconstrained build operations Thread 61" [_thread_blocked, id=5360, stack(0x0000008ba9800000,0x0000008ba9900000)]
  0x00000260cf409a80 JavaThread "Unconstrained build operations Thread 62" [_thread_blocked, id=26724, stack(0x0000008ba9900000,0x0000008ba9a00000)]
  0x00000260cf40d740 JavaThread "Unconstrained build operations Thread 63" [_thread_blocked, id=8664, stack(0x0000008ba9a00000,0x0000008ba9b00000)]
  0x00000260cf40cd20 JavaThread "Unconstrained build operations Thread 64" [_thread_blocked, id=8768, stack(0x0000008ba9b00000,0x0000008ba9c00000)]
  0x00000260cf40a9b0 JavaThread "Unconstrained build operations Thread 65" [_thread_blocked, id=12208, stack(0x0000008ba9c00000,0x0000008ba9d00000)]
  0x00000260cda5d2a0 JavaThread "Unconstrained build operations Thread 66" [_thread_blocked, id=25812, stack(0x0000008ba9d00000,0x0000008ba9e00000)]
  0x00000260cda595e0 JavaThread "Unconstrained build operations Thread 67" [_thread_blocked, id=22136, stack(0x0000008ba9e00000,0x0000008ba9f00000)]
  0x00000260cda590d0 JavaThread "Unconstrained build operations Thread 68" [_thread_blocked, id=21968, stack(0x0000008ba9f00000,0x0000008baa000000)]
  0x00000260cda5f100 JavaThread "build event listener" [_thread_blocked, id=16176, stack(0x0000008baa000000,0x0000008baa100000)]
  0x00000260cda5f610 JavaThread "Problems report writer" [_thread_blocked, id=10684, stack(0x0000008baa100000,0x0000008baa200000)]

Other Threads:
=>0x00000260adc84a00 VMThread "VM Thread" [stack: 0x0000008ba1f00000,0x0000008ba2000000] [id=2484]
  0x00000260cd1a4f00 WatcherThread [stack: 0x0000008ba2b00000,0x0000008ba2c00000] [id=8272]
  0x000002608f7cc020 GCTaskThread "GC Thread#0" [stack: 0x0000008ba1a00000,0x0000008ba1b00000] [id=3284]
  0x00000260cd8cf6a0 GCTaskThread "GC Thread#1" [stack: 0x0000008ba2e00000,0x0000008ba2f00000] [id=10284]
  0x00000260cd76bc80 GCTaskThread "GC Thread#2" [stack: 0x0000008ba2f00000,0x0000008ba3000000] [id=13548]
  0x00000260cd8384b0 GCTaskThread "GC Thread#3" [stack: 0x0000008ba3000000,0x0000008ba3100000] [id=15656]
  0x00000260cd4a1a10 GCTaskThread "GC Thread#4" [stack: 0x0000008ba3100000,0x0000008ba3200000] [id=19000]
  0x00000260cd4a1cd0 GCTaskThread "GC Thread#5" [stack: 0x0000008ba3200000,0x0000008ba3300000] [id=23192]
  0x00000260d0c73440 GCTaskThread "GC Thread#6" [stack: 0x0000008ba4200000,0x0000008ba4300000] [id=21108]
  0x00000260ceb15dd0 GCTaskThread "GC Thread#7" [stack: 0x0000008ba4300000,0x0000008ba4400000] [id=4120]
  0x000002608f7dcf70 ConcurrentGCThread "G1 Main Marker" [stack: 0x0000008ba1b00000,0x0000008ba1c00000] [id=9304]
  0x000002608f7de130 ConcurrentGCThread "G1 Conc#0" [stack: 0x0000008ba1c00000,0x0000008ba1d00000] [id=12188]
  0x00000260d087ac20 ConcurrentGCThread "G1 Conc#1" [stack: 0x0000008ba4400000,0x0000008ba4500000] [id=21484]
  0x000002608f81ece0 ConcurrentGCThread "G1 Refine#0" [stack: 0x0000008ba1d00000,0x0000008ba1e00000] [id=9668]
  0x00000260adb3e920 ConcurrentGCThread "G1 Service" [stack: 0x0000008ba1e00000,0x0000008ba1f00000] [id=12244]

Threads with active compile tasks:

VM state: at safepoint (normal execution)

VM Mutex/Monitor currently owned by a thread:  ([mutex/lock_event])
[0x000002608f76cda0] Threads_lock - owner thread: 0x00000260adc84a00
[0x000002608f76d100] Heap_lock - owner thread: 0x00000260cee42690

Heap address: 0x0000000080000000, size: 2048 MB, Compressed Oops mode: 32-bit

CDS archive(s) mapped at: [0x00000260ae000000-0x00000260aebb0000-0x00000260aebb0000), size 12255232, SharedBaseAddress: 0x00000260ae000000, ArchiveRelocationMode: 1.
Compressed class space mapped at: 0x00000260af000000-0x00000260c9000000, reserved size: 436207616
Narrow klass base: 0x00000260ae000000, Narrow klass shift: 0, Narrow klass range: 0x100000000

GC Precious Log:
 CPUs: 8 total, 8 available
 Memory: 16227M
 Large Page Support: Disabled
 NUMA Support: Disabled
 Compressed Oops: Enabled (32-bit)
 Heap Region Size: 1M
 Heap Min Capacity: 8M
 Heap Initial Capacity: 254M
 Heap Max Capacity: 2G
 Pre-touch: Disabled
 Parallel Workers: 8
 Concurrent Workers: 2
 Concurrent Refinement Workers: 8
 Periodic GC: Disabled

Heap:
 garbage-first heap   total 260096K, used 140256K [0x0000000080000000, 0x0000000100000000)
  region size 1024K, 1 young (1024K), 1 survivors (1024K)
 Metaspace       used 112154K, committed 113408K, reserved 557056K
  class space    used 15397K, committed 16000K, reserved 425984K

Heap Regions: E=young(eden), S=young(survivor), O=old, HS=humongous(starts), HC=humongous(continues), CS=collection set, F=free, OA=open archive, CA=closed archive, TAMS=top-at-mark-start (previous, next)
|   0|0x0000000080000000, 0x0000000080100000, 0x0000000080100000|100%|HS|  |TAMS 0x0000000080100000, 0x0000000080000000| Complete 
|   1|0x0000000080100000, 0x0000000080200000, 0x0000000080200000|100%|HC|  |TAMS 0x0000000080200000, 0x0000000080100000| Complete 
|   2|0x0000000080200000, 0x0000000080300000, 0x0000000080300000|100%|HC|  |TAMS 0x0000000080300000, 0x0000000080200000| Complete 
|   3|0x0000000080300000, 0x0000000080400000, 0x0000000080400000|100%| O|  |TAMS 0x0000000080400000, 0x0000000080300000| Untracked 
|   4|0x0000000080400000, 0x0000000080500000, 0x0000000080500000|100%| O|  |TAMS 0x0000000080500000, 0x0000000080400000| Untracked 
|   5|0x0000000080500000, 0x0000000080600000, 0x0000000080600000|100%| O|  |TAMS 0x0000000080600000, 0x0000000080500000| Untracked 
|   6|0x0000000080600000, 0x0000000080700000, 0x0000000080700000|100%|HS|  |TAMS 0x0000000080700000, 0x0000000080600000| Complete 
|   7|0x0000000080700000, 0x0000000080800000, 0x0000000080800000|100%| O|  |TAMS 0x0000000080800000, 0x0000000080700000| Untracked 
|   8|0x0000000080800000, 0x0000000080900000, 0x0000000080900000|100%| O|  |TAMS 0x0000000080900000, 0x0000000080800000| Untracked 
|   9|0x0000000080900000, 0x0000000080a00000, 0x0000000080a00000|100%| O|  |TAMS 0x0000000080a00000, 0x0000000080900000| Untracked 
|  10|0x0000000080a00000, 0x0000000080b00000, 0x0000000080b00000|100%| O|  |TAMS 0x0000000080b00000, 0x0000000080a00000| Untracked 
|  11|0x0000000080b00000, 0x0000000080c00000, 0x0000000080c00000|100%| O|  |TAMS 0x0000000080c00000, 0x0000000080b00000| Untracked 
|  12|0x0000000080c00000, 0x0000000080d00000, 0x0000000080d00000|100%| O|  |TAMS 0x0000000080d00000, 0x0000000080c00000| Untracked 
|  13|0x0000000080d00000, 0x0000000080e00000, 0x0000000080e00000|100%| O|  |TAMS 0x0000000080e00000, 0x0000000080d00000| Untracked 
|  14|0x0000000080e00000, 0x0000000080f00000, 0x0000000080f00000|100%| O|  |TAMS 0x0000000080f00000, 0x0000000080e00000| Untracked 
|  15|0x0000000080f00000, 0x0000000081000000, 0x0000000081000000|100%| O|  |TAMS 0x0000000081000000, 0x0000000080f00000| Untracked 
|  16|0x0000000081000000, 0x0000000081100000, 0x0000000081100000|100%| O|  |TAMS 0x0000000081100000, 0x0000000081000000| Untracked 
|  17|0x0000000081100000, 0x0000000081200000, 0x0000000081200000|100%| O|  |TAMS 0x0000000081200000, 0x0000000081100000| Untracked 
|  18|0x0000000081200000, 0x0000000081300000, 0x0000000081300000|100%| O|  |TAMS 0x0000000081300000, 0x0000000081200000| Untracked 
|  19|0x0000000081300000, 0x0000000081400000, 0x0000000081400000|100%| O|  |TAMS 0x0000000081400000, 0x0000000081300000| Untracked 
|  20|0x0000000081400000, 0x0000000081500000, 0x0000000081500000|100%| O|  |TAMS 0x0000000081500000, 0x0000000081400000| Untracked 
|  21|0x0000000081500000, 0x0000000081600000, 0x0000000081600000|100%| O|  |TAMS 0x0000000081600000, 0x0000000081500000| Untracked 
|  22|0x0000000081600000, 0x0000000081700000, 0x0000000081700000|100%| O|  |TAMS 0x0000000081700000, 0x0000000081600000| Untracked 
|  23|0x0000000081700000, 0x0000000081800000, 0x0000000081800000|100%| O|  |TAMS 0x0000000081800000, 0x0000000081700000| Untracked 
|  24|0x0000000081800000, 0x0000000081900000, 0x0000000081900000|100%| O|  |TAMS 0x0000000081900000, 0x0000000081800000| Untracked 
|  25|0x0000000081900000, 0x0000000081a00000, 0x0000000081a00000|100%| O|  |TAMS 0x0000000081a00000, 0x0000000081900000| Untracked 
|  26|0x0000000081a00000, 0x0000000081b00000, 0x0000000081b00000|100%| O|  |TAMS 0x0000000081b00000, 0x0000000081a00000| Untracked 
|  27|0x0000000081b00000, 0x0000000081c00000, 0x0000000081c00000|100%| O|  |TAMS 0x0000000081c00000, 0x0000000081b00000| Untracked 
|  28|0x0000000081c00000, 0x0000000081d00000, 0x0000000081d00000|100%| O|  |TAMS 0x0000000081d00000, 0x0000000081c00000| Untracked 
|  29|0x0000000081d00000, 0x0000000081e00000, 0x0000000081e00000|100%| O|  |TAMS 0x0000000081e00000, 0x0000000081d00000| Untracked 
|  30|0x0000000081e00000, 0x0000000081f00000, 0x0000000081f00000|100%| O|  |TAMS 0x0000000081e00000, 0x0000000081e00000| Untracked 
|  31|0x0000000081f00000, 0x0000000082000000, 0x0000000082000000|100%| O|  |TAMS 0x0000000082000000, 0x0000000081f00000| Untracked 
|  32|0x0000000082000000, 0x0000000082100000, 0x0000000082100000|100%| O|  |TAMS 0x0000000082100000, 0x0000000082000000| Untracked 
|  33|0x0000000082100000, 0x0000000082200000, 0x0000000082200000|100%| O|  |TAMS 0x0000000082200000, 0x0000000082100000| Untracked 
|  34|0x0000000082200000, 0x0000000082300000, 0x0000000082300000|100%| O|  |TAMS 0x0000000082300000, 0x0000000082200000| Untracked 
|  35|0x0000000082300000, 0x0000000082400000, 0x0000000082400000|100%| O|  |TAMS 0x0000000082400000, 0x0000000082300000| Untracked 
|  36|0x0000000082400000, 0x0000000082500000, 0x0000000082500000|100%| O|  |TAMS 0x0000000082500000, 0x0000000082400000| Untracked 
|  37|0x0000000082500000, 0x0000000082600000, 0x0000000082600000|100%| O|  |TAMS 0x0000000082600000, 0x0000000082500000| Untracked 
|  38|0x0000000082600000, 0x0000000082700000, 0x0000000082700000|100%| O|  |TAMS 0x0000000082700000, 0x0000000082600000| Untracked 
|  39|0x0000000082700000, 0x0000000082800000, 0x0000000082800000|100%| O|  |TAMS 0x0000000082800000, 0x0000000082700000| Untracked 
|  40|0x0000000082800000, 0x0000000082900000, 0x0000000082900000|100%| O|  |TAMS 0x0000000082900000, 0x0000000082800000| Untracked 
|  41|0x0000000082900000, 0x0000000082a00000, 0x0000000082a00000|100%| O|  |TAMS 0x0000000082a00000, 0x0000000082900000| Untracked 
|  42|0x0000000082a00000, 0x0000000082b00000, 0x0000000082b00000|100%|HS|  |TAMS 0x0000000082b00000, 0x0000000082a00000| Complete 
|  43|0x0000000082b00000, 0x0000000082c00000, 0x0000000082c00000|100%|HC|  |TAMS 0x0000000082c00000, 0x0000000082b00000| Complete 
|  44|0x0000000082c00000, 0x0000000082d00000, 0x0000000082d00000|100%|HC|  |TAMS 0x0000000082d00000, 0x0000000082c00000| Complete 
|  45|0x0000000082d00000, 0x0000000082e00000, 0x0000000082e00000|100%|HS|  |TAMS 0x0000000082e00000, 0x0000000082d00000| Complete 
|  46|0x0000000082e00000, 0x0000000082f00000, 0x0000000082f00000|100%|HC|  |TAMS 0x0000000082f00000, 0x0000000082e00000| Complete 
|  47|0x0000000082f00000, 0x0000000083000000, 0x0000000083000000|100%|HC|  |TAMS 0x0000000083000000, 0x0000000082f00000| Complete 
|  48|0x0000000083000000, 0x0000000083100000, 0x0000000083100000|100%| O|  |TAMS 0x0000000083000000, 0x0000000083000000| Untracked 
|  49|0x0000000083100000, 0x0000000083200000, 0x0000000083200000|100%| O|  |TAMS 0x0000000083200000, 0x0000000083100000| Untracked 
|  50|0x0000000083200000, 0x0000000083300000, 0x0000000083300000|100%| O|  |TAMS 0x0000000083300000, 0x0000000083200000| Untracked 
|  51|0x0000000083300000, 0x0000000083400000, 0x0000000083400000|100%| O|  |TAMS 0x0000000083400000, 0x0000000083300000| Untracked 
|  52|0x0000000083400000, 0x0000000083500000, 0x0000000083500000|100%| O|  |TAMS 0x0000000083500000, 0x0000000083400000| Untracked 
|  53|0x0000000083500000, 0x0000000083600000, 0x0000000083600000|100%| O|  |TAMS 0x0000000083600000, 0x0000000083500000| Untracked 
|  54|0x0000000083600000, 0x0000000083700000, 0x0000000083700000|100%| O|  |TAMS 0x0000000083700000, 0x0000000083600000| Untracked 
|  55|0x0000000083700000, 0x0000000083800000, 0x0000000083800000|100%| O|  |TAMS 0x0000000083800000, 0x0000000083700000| Untracked 
|  56|0x0000000083800000, 0x0000000083900000, 0x0000000083900000|100%| O|  |TAMS 0x0000000083900000, 0x0000000083800000| Untracked 
|  57|0x0000000083900000, 0x0000000083a00000, 0x0000000083a00000|100%| O|  |TAMS 0x0000000083a00000, 0x0000000083900000| Untracked 
|  58|0x0000000083a00000, 0x0000000083b00000, 0x0000000083b00000|100%| O|  |TAMS 0x0000000083a4e600, 0x0000000083a00000| Untracked 
|  59|0x0000000083b00000, 0x0000000083c00000, 0x0000000083c00000|100%| O|  |TAMS 0x0000000083b00000, 0x0000000083b00000| Untracked 
|  60|0x0000000083c00000, 0x0000000083d00000, 0x0000000083d00000|100%| O|  |TAMS 0x0000000083c00000, 0x0000000083c00000| Untracked 
|  61|0x0000000083d00000, 0x0000000083e00000, 0x0000000083e00000|100%| O|  |TAMS 0x0000000083d00000, 0x0000000083d00000| Untracked 
|  62|0x0000000083e00000, 0x0000000083f00000, 0x0000000083f00000|100%| O|  |TAMS 0x0000000083e00000, 0x0000000083e00000| Untracked 
|  63|0x0000000083f00000, 0x0000000084000000, 0x0000000084000000|100%| O|  |TAMS 0x0000000083f00000, 0x0000000083f00000| Untracked 
|  64|0x0000000084000000, 0x0000000084100000, 0x0000000084100000|100%| O|  |TAMS 0x0000000084000000, 0x0000000084000000| Untracked 
|  65|0x0000000084100000, 0x0000000084200000, 0x0000000084200000|100%| O|  |TAMS 0x0000000084100000, 0x0000000084100000| Untracked 
|  66|0x0000000084200000, 0x0000000084300000, 0x0000000084300000|100%| O|  |TAMS 0x0000000084200000, 0x0000000084200000| Untracked 
|  67|0x0000000084300000, 0x0000000084400000, 0x0000000084400000|100%| O|  |TAMS 0x0000000084300000, 0x0000000084300000| Untracked 
|  68|0x0000000084400000, 0x0000000084500000, 0x0000000084500000|100%| O|  |TAMS 0x0000000084400000, 0x0000000084400000| Untracked 
|  69|0x0000000084500000, 0x0000000084600000, 0x0000000084600000|100%| O|  |TAMS 0x0000000084500000, 0x0000000084500000| Untracked 
|  70|0x0000000084600000, 0x0000000084700000, 0x0000000084700000|100%| O|  |TAMS 0x0000000084600000, 0x0000000084600000| Untracked 
|  71|0x0000000084700000, 0x0000000084800000, 0x0000000084800000|100%| O|  |TAMS 0x0000000084700000, 0x0000000084700000| Untracked 
|  72|0x0000000084800000, 0x0000000084900000, 0x0000000084900000|100%| O|  |TAMS 0x0000000084800000, 0x0000000084800000| Untracked 
|  73|0x0000000084900000, 0x0000000084a00000, 0x0000000084a00000|100%|HS|  |TAMS 0x0000000084900000, 0x0000000084900000| Complete 
|  74|0x0000000084a00000, 0x0000000084b00000, 0x0000000084b00000|100%|HS|  |TAMS 0x0000000084a00000, 0x0000000084a00000| Complete 
|  75|0x0000000084b00000, 0x0000000084c00000, 0x0000000084c00000|100%|HS|  |TAMS 0x0000000084b00000, 0x0000000084b00000| Complete 
|  76|0x0000000084c00000, 0x0000000084d00000, 0x0000000084d00000|100%|HS|  |TAMS 0x0000000084c00000, 0x0000000084c00000| Complete 
|  77|0x0000000084d00000, 0x0000000084e00000, 0x0000000084e00000|100%| O|  |TAMS 0x0000000084d00000, 0x0000000084d00000| Untracked 
|  78|0x0000000084e00000, 0x0000000084f00000, 0x0000000084f00000|100%|HS|  |TAMS 0x0000000084e00000, 0x0000000084e00000| Complete 
|  79|0x0000000084f00000, 0x0000000085000000, 0x0000000085000000|100%|HS|  |TAMS 0x0000000084f00000, 0x0000000084f00000| Complete 
|  80|0x0000000085000000, 0x0000000085100000, 0x0000000085100000|100%| O|  |TAMS 0x0000000085000000, 0x0000000085000000| Untracked 
|  81|0x0000000085100000, 0x0000000085200000, 0x0000000085200000|100%|HS|  |TAMS 0x0000000085100000, 0x0000000085100000| Complete 
|  82|0x0000000085200000, 0x0000000085300000, 0x0000000085300000|100%|HC|  |TAMS 0x0000000085200000, 0x0000000085200000| Complete 
|  83|0x0000000085300000, 0x0000000085400000, 0x0000000085400000|100%|HC|  |TAMS 0x0000000085300000, 0x0000000085300000| Complete 
|  84|0x0000000085400000, 0x0000000085500000, 0x0000000085500000|100%|HS|  |TAMS 0x0000000085400000, 0x0000000085400000| Complete 
|  85|0x0000000085500000, 0x0000000085600000, 0x0000000085600000|100%| O|  |TAMS 0x0000000085500000, 0x0000000085500000| Untracked 
|  86|0x0000000085600000, 0x0000000085700000, 0x0000000085700000|100%| O|  |TAMS 0x0000000085600000, 0x0000000085600000| Untracked 
|  87|0x0000000085700000, 0x0000000085800000, 0x0000000085800000|100%| O|  |TAMS 0x0000000085700000, 0x0000000085700000| Untracked 
|  88|0x0000000085800000, 0x0000000085900000, 0x0000000085900000|100%| O|  |TAMS 0x0000000085800000, 0x0000000085800000| Untracked 
|  89|0x0000000085900000, 0x0000000085a00000, 0x0000000085a00000|100%| O|  |TAMS 0x0000000085900000, 0x0000000085900000| Untracked 
|  90|0x0000000085a00000, 0x0000000085b00000, 0x0000000085b00000|100%| O|  |TAMS 0x0000000085a00000, 0x0000000085a00000| Untracked 
|  91|0x0000000085b00000, 0x0000000085c00000, 0x0000000085c00000|100%| O|  |TAMS 0x0000000085b00000, 0x0000000085b00000| Untracked 
|  92|0x0000000085c00000, 0x0000000085d00000, 0x0000000085d00000|100%| O|  |TAMS 0x0000000085c00000, 0x0000000085c00000| Untracked 
|  93|0x0000000085d00000, 0x0000000085e00000, 0x0000000085e00000|100%| O|  |TAMS 0x0000000085d00000, 0x0000000085d00000| Untracked 
|  94|0x0000000085e00000, 0x0000000085f00000, 0x0000000085f00000|100%| O|  |TAMS 0x0000000085e00000, 0x0000000085e00000| Untracked 
|  95|0x0000000085f00000, 0x0000000086000000, 0x0000000086000000|100%| O|  |TAMS 0x0000000085f00000, 0x0000000085f00000| Untracked 
|  96|0x0000000086000000, 0x0000000086100000, 0x0000000086100000|100%| O|  |TAMS 0x0000000086000000, 0x0000000086000000| Untracked 
|  97|0x0000000086100000, 0x0000000086200000, 0x0000000086200000|100%| O|  |TAMS 0x0000000086100000, 0x0000000086100000| Untracked 
|  98|0x0000000086200000, 0x0000000086300000, 0x0000000086300000|100%| O|  |TAMS 0x0000000086200000, 0x0000000086200000| Untracked 
|  99|0x0000000086300000, 0x0000000086400000, 0x0000000086400000|100%| O|  |TAMS 0x0000000086300000, 0x0000000086300000| Untracked 
| 100|0x0000000086400000, 0x0000000086500000, 0x0000000086500000|100%| O|  |TAMS 0x0000000086400000, 0x0000000086400000| Untracked 
| 101|0x0000000086500000, 0x0000000086600000, 0x0000000086600000|100%| O|  |TAMS 0x0000000086500000, 0x0000000086500000| Untracked 
| 102|0x0000000086600000, 0x0000000086700000, 0x0000000086700000|100%| O|  |TAMS 0x0000000086600000, 0x0000000086600000| Untracked 
| 103|0x0000000086700000, 0x0000000086800000, 0x0000000086800000|100%| O|  |TAMS 0x0000000086700000, 0x0000000086700000| Untracked 
| 104|0x0000000086800000, 0x0000000086900000, 0x0000000086900000|100%| O|  |TAMS 0x0000000086800000, 0x0000000086800000| Untracked 
| 105|0x0000000086900000, 0x0000000086a00000, 0x0000000086a00000|100%| O|  |TAMS 0x0000000086900000, 0x0000000086900000| Untracked 
| 106|0x0000000086a00000, 0x0000000086b00000, 0x0000000086b00000|100%| O|  |TAMS 0x0000000086a00000, 0x0000000086a00000| Untracked 
| 107|0x0000000086b00000, 0x0000000086c00000, 0x0000000086c00000|100%| O|  |TAMS 0x0000000086b00000, 0x0000000086b00000| Untracked 
| 108|0x0000000086c00000, 0x0000000086d00000, 0x0000000086d00000|100%| O|  |TAMS 0x0000000086c00000, 0x0000000086c00000| Untracked 
| 109|0x0000000086d00000, 0x0000000086e00000, 0x0000000086e00000|100%| O|  |TAMS 0x0000000086d00000, 0x0000000086d00000| Untracked 
| 110|0x0000000086e00000, 0x0000000086f00000, 0x0000000086f00000|100%| O|  |TAMS 0x0000000086e00000, 0x0000000086e00000| Untracked 
| 111|0x0000000086f00000, 0x0000000087000000, 0x0000000087000000|100%| O|  |TAMS 0x0000000086f00000, 0x0000000086f00000| Untracked 
| 112|0x0000000087000000, 0x0000000087100000, 0x0000000087100000|100%| O|  |TAMS 0x0000000087000000, 0x0000000087000000| Untracked 
| 113|0x0000000087100000, 0x0000000087200000, 0x0000000087200000|100%| O|  |TAMS 0x0000000087100000, 0x0000000087100000| Untracked 
| 114|0x0000000087200000, 0x0000000087300000, 0x0000000087300000|100%| O|  |TAMS 0x0000000087200000, 0x0000000087200000| Untracked 
| 115|0x0000000087300000, 0x0000000087400000, 0x0000000087400000|100%| O|  |TAMS 0x0000000087300000, 0x0000000087300000| Untracked 
| 116|0x0000000087400000, 0x0000000087500000, 0x0000000087500000|100%| O|  |TAMS 0x0000000087400000, 0x0000000087400000| Untracked 
| 117|0x0000000087500000, 0x0000000087600000, 0x0000000087600000|100%| O|  |TAMS 0x0000000087500000, 0x0000000087500000| Untracked 
| 118|0x0000000087600000, 0x0000000087700000, 0x0000000087700000|100%| O|  |TAMS 0x0000000087600000, 0x0000000087600000| Untracked 
| 119|0x0000000087700000, 0x0000000087800000, 0x0000000087800000|100%| O|  |TAMS 0x0000000087700000, 0x0000000087700000| Untracked 
| 120|0x0000000087800000, 0x0000000087900000, 0x0000000087900000|100%| O|  |TAMS 0x0000000087800000, 0x0000000087800000| Untracked 
| 121|0x0000000087900000, 0x0000000087a00000, 0x0000000087a00000|100%| O|  |TAMS 0x0000000087900000, 0x0000000087900000| Untracked 
| 122|0x0000000087a00000, 0x0000000087b00000, 0x0000000087b00000|100%| O|  |TAMS 0x0000000087a00000, 0x0000000087a00000| Untracked 
| 123|0x0000000087b00000, 0x0000000087c00000, 0x0000000087c00000|100%| O|  |TAMS 0x0000000087b00000, 0x0000000087b00000| Untracked 
| 124|0x0000000087c00000, 0x0000000087d00000, 0x0000000087d00000|100%| O|  |TAMS 0x0000000087c00000, 0x0000000087c00000| Untracked 
| 125|0x0000000087d00000, 0x0000000087e00000, 0x0000000087e00000|100%| O|  |TAMS 0x0000000087d00000, 0x0000000087d00000| Untracked 
| 126|0x0000000087e00000, 0x0000000087f00000, 0x0000000087f00000|100%| O|  |TAMS 0x0000000087e00000, 0x0000000087e00000| Untracked 
| 127|0x0000000087f00000, 0x0000000088000000, 0x0000000088000000|100%| O|  |TAMS 0x0000000087f00000, 0x0000000087f00000| Untracked 
| 128|0x0000000088000000, 0x0000000088100000, 0x0000000088100000|100%| O|  |TAMS 0x0000000088000000, 0x0000000088000000| Untracked 
| 129|0x0000000088100000, 0x0000000088200000, 0x0000000088200000|100%| O|  |TAMS 0x0000000088100000, 0x0000000088100000| Untracked 
| 130|0x0000000088200000, 0x0000000088300000, 0x0000000088300000|100%| O|  |TAMS 0x0000000088200000, 0x0000000088200000| Untracked 
| 131|0x0000000088300000, 0x0000000088400000, 0x0000000088400000|100%| O|  |TAMS 0x0000000088300000, 0x0000000088300000| Untracked 
| 132|0x0000000088400000, 0x0000000088500000, 0x0000000088500000|100%| O|  |TAMS 0x0000000088400000, 0x0000000088400000| Untracked 
| 133|0x0000000088500000, 0x0000000088600000, 0x0000000088600000|100%| O|  |TAMS 0x0000000088500000, 0x0000000088500000| Untracked 
| 134|0x0000000088600000, 0x0000000088700000, 0x0000000088700000|100%| O|  |TAMS 0x0000000088600000, 0x0000000088600000| Untracked 
| 135|0x0000000088700000, 0x0000000088800000, 0x0000000088800000|100%| O|  |TAMS 0x0000000088700000, 0x0000000088700000| Untracked 
| 136|0x0000000088800000, 0x000000008880ba00, 0x0000000088900000|  4%| O|  |TAMS 0x0000000088800000, 0x0000000088800000| Untracked 
| 137|0x0000000088900000, 0x0000000088900000, 0x0000000088a00000|  0%| F|  |TAMS 0x0000000088900000, 0x0000000088900000| Untracked 
| 138|0x0000000088a00000, 0x0000000088a00000, 0x0000000088b00000|  0%| F|  |TAMS 0x0000000088a00000, 0x0000000088a00000| Untracked 
| 139|0x0000000088b00000, 0x0000000088b00000, 0x0000000088c00000|  0%| F|  |TAMS 0x0000000088b00000, 0x0000000088b00000| Untracked 
| 140|0x0000000088c00000, 0x0000000088c00000, 0x0000000088d00000|  0%| F|  |TAMS 0x0000000088c00000, 0x0000000088c00000| Untracked 
| 141|0x0000000088d00000, 0x0000000088d00000, 0x0000000088e00000|  0%| F|  |TAMS 0x0000000088d00000, 0x0000000088d00000| Untracked 
| 142|0x0000000088e00000, 0x0000000088e00000, 0x0000000088f00000|  0%| F|  |TAMS 0x0000000088e00000, 0x0000000088e00000| Untracked 
| 143|0x0000000088f00000, 0x0000000088f00000, 0x0000000089000000|  0%| F|  |TAMS 0x0000000088f00000, 0x0000000088f00000| Untracked 
| 144|0x0000000089000000, 0x0000000089000000, 0x0000000089100000|  0%| F|  |TAMS 0x0000000089000000, 0x0000000089000000| Untracked 
| 145|0x0000000089100000, 0x0000000089100000, 0x0000000089200000|  0%| F|  |TAMS 0x0000000089100000, 0x0000000089100000| Untracked 
| 146|0x0000000089200000, 0x0000000089200000, 0x0000000089300000|  0%| F|  |TAMS 0x0000000089200000, 0x0000000089200000| Untracked 
| 147|0x0000000089300000, 0x0000000089300000, 0x0000000089400000|  0%| F|  |TAMS 0x0000000089300000, 0x0000000089300000| Untracked 
| 148|0x0000000089400000, 0x0000000089400000, 0x0000000089500000|  0%| F|  |TAMS 0x0000000089400000, 0x0000000089400000| Untracked 
| 149|0x0000000089500000, 0x0000000089500000, 0x0000000089600000|  0%| F|  |TAMS 0x0000000089500000, 0x0000000089500000| Untracked 
| 150|0x0000000089600000, 0x0000000089600000, 0x0000000089700000|  0%| F|  |TAMS 0x0000000089600000, 0x0000000089600000| Untracked 
| 151|0x0000000089700000, 0x0000000089700000, 0x0000000089800000|  0%| F|  |TAMS 0x0000000089700000, 0x0000000089700000| Untracked 
| 152|0x0000000089800000, 0x0000000089800000, 0x0000000089900000|  0%| F|  |TAMS 0x0000000089800000, 0x0000000089800000| Untracked 
| 153|0x0000000089900000, 0x0000000089900000, 0x0000000089a00000|  0%| F|  |TAMS 0x0000000089900000, 0x0000000089900000| Untracked 
| 154|0x0000000089a00000, 0x0000000089a00000, 0x0000000089b00000|  0%| F|  |TAMS 0x0000000089a00000, 0x0000000089a00000| Untracked 
| 155|0x0000000089b00000, 0x0000000089b00000, 0x0000000089c00000|  0%| F|  |TAMS 0x0000000089b00000, 0x0000000089b00000| Untracked 
| 156|0x0000000089c00000, 0x0000000089c00000, 0x0000000089d00000|  0%| F|  |TAMS 0x0000000089c00000, 0x0000000089c00000| Untracked 
| 157|0x0000000089d00000, 0x0000000089d00000, 0x0000000089e00000|  0%| F|  |TAMS 0x0000000089d00000, 0x0000000089d00000| Untracked 
| 158|0x0000000089e00000, 0x0000000089e00000, 0x0000000089f00000|  0%| F|  |TAMS 0x0000000089e00000, 0x0000000089e00000| Untracked 
| 159|0x0000000089f00000, 0x0000000089f00000, 0x000000008a000000|  0%| F|  |TAMS 0x0000000089f00000, 0x0000000089f00000| Untracked 
| 160|0x000000008a000000, 0x000000008a000000, 0x000000008a100000|  0%| F|  |TAMS 0x000000008a000000, 0x000000008a000000| Untracked 
| 161|0x000000008a100000, 0x000000008a100000, 0x000000008a200000|  0%| F|  |TAMS 0x000000008a100000, 0x000000008a100000| Untracked 
| 162|0x000000008a200000, 0x000000008a200000, 0x000000008a300000|  0%| F|  |TAMS 0x000000008a200000, 0x000000008a200000| Untracked 
| 163|0x000000008a300000, 0x000000008a300000, 0x000000008a400000|  0%| F|  |TAMS 0x000000008a300000, 0x000000008a300000| Untracked 
| 164|0x000000008a400000, 0x000000008a400000, 0x000000008a500000|  0%| F|  |TAMS 0x000000008a400000, 0x000000008a400000| Untracked 
| 165|0x000000008a500000, 0x000000008a500000, 0x000000008a600000|  0%| F|  |TAMS 0x000000008a500000, 0x000000008a500000| Untracked 
| 166|0x000000008a600000, 0x000000008a600000, 0x000000008a700000|  0%| F|  |TAMS 0x000000008a600000, 0x000000008a600000| Untracked 
| 167|0x000000008a700000, 0x000000008a700000, 0x000000008a800000|  0%| F|  |TAMS 0x000000008a700000, 0x000000008a700000| Untracked 
| 168|0x000000008a800000, 0x000000008a800000, 0x000000008a900000|  0%| F|  |TAMS 0x000000008a800000, 0x000000008a800000| Untracked 
| 169|0x000000008a900000, 0x000000008a900000, 0x000000008aa00000|  0%| F|  |TAMS 0x000000008a900000, 0x000000008a900000| Untracked 
| 170|0x000000008aa00000, 0x000000008aa00000, 0x000000008ab00000|  0%| F|  |TAMS 0x000000008aa00000, 0x000000008aa00000| Untracked 
| 171|0x000000008ab00000, 0x000000008ab00000, 0x000000008ac00000|  0%| F|  |TAMS 0x000000008ab00000, 0x000000008ab00000| Untracked 
| 172|0x000000008ac00000, 0x000000008ac00000, 0x000000008ad00000|  0%| F|  |TAMS 0x000000008ac00000, 0x000000008ac00000| Untracked 
| 173|0x000000008ad00000, 0x000000008ad00000, 0x000000008ae00000|  0%| F|  |TAMS 0x000000008ad00000, 0x000000008ad00000| Untracked 
| 174|0x000000008ae00000, 0x000000008ae00000, 0x000000008af00000|  0%| F|  |TAMS 0x000000008ae00000, 0x000000008ae00000| Untracked 
| 175|0x000000008af00000, 0x000000008af00000, 0x000000008b000000|  0%| F|  |TAMS 0x000000008af00000, 0x000000008af00000| Untracked 
| 176|0x000000008b000000, 0x000000008b000000, 0x000000008b100000|  0%| F|  |TAMS 0x000000008b000000, 0x000000008b000000| Untracked 
| 177|0x000000008b100000, 0x000000008b100000, 0x000000008b200000|  0%| F|  |TAMS 0x000000008b100000, 0x000000008b100000| Untracked 
| 178|0x000000008b200000, 0x000000008b200000, 0x000000008b300000|  0%| F|  |TAMS 0x000000008b200000, 0x000000008b200000| Untracked 
| 179|0x000000008b300000, 0x000000008b300000, 0x000000008b400000|  0%| F|  |TAMS 0x000000008b300000, 0x000000008b300000| Untracked 
| 180|0x000000008b400000, 0x000000008b400000, 0x000000008b500000|  0%| F|  |TAMS 0x000000008b400000, 0x000000008b400000| Untracked 
| 181|0x000000008b500000, 0x000000008b500000, 0x000000008b600000|  0%| F|  |TAMS 0x000000008b500000, 0x000000008b500000| Untracked 
| 182|0x000000008b600000, 0x000000008b600000, 0x000000008b700000|  0%| F|  |TAMS 0x000000008b600000, 0x000000008b600000| Untracked 
| 183|0x000000008b700000, 0x000000008b700000, 0x000000008b800000|  0%| F|  |TAMS 0x000000008b700000, 0x000000008b700000| Untracked 
| 184|0x000000008b800000, 0x000000008b800000, 0x000000008b900000|  0%| F|  |TAMS 0x000000008b800000, 0x000000008b800000| Untracked 
| 185|0x000000008b900000, 0x000000008b900000, 0x000000008ba00000|  0%| F|  |TAMS 0x000000008b900000, 0x000000008b900000| Untracked 
| 186|0x000000008ba00000, 0x000000008ba00000, 0x000000008bb00000|  0%| F|  |TAMS 0x000000008ba00000, 0x000000008ba00000| Untracked 
| 187|0x000000008bb00000, 0x000000008bb00000, 0x000000008bc00000|  0%| F|  |TAMS 0x000000008bb00000, 0x000000008bb00000| Untracked 
| 188|0x000000008bc00000, 0x000000008bc00000, 0x000000008bd00000|  0%| F|  |TAMS 0x000000008bc00000, 0x000000008bc00000| Untracked 
| 189|0x000000008bd00000, 0x000000008bd00000, 0x000000008be00000|  0%| F|  |TAMS 0x000000008bd00000, 0x000000008bd00000| Untracked 
| 190|0x000000008be00000, 0x000000008beec810, 0x000000008bf00000| 92%| S|CS|TAMS 0x000000008be00000, 0x000000008be00000| Complete 
| 191|0x000000008bf00000, 0x000000008bf00000, 0x000000008c000000|  0%| F|  |TAMS 0x000000008bf00000, 0x000000008bf00000| Untracked 
| 192|0x000000008c000000, 0x000000008c000000, 0x000000008c100000|  0%| F|  |TAMS 0x000000008c000000, 0x000000008c000000| Untracked 
| 193|0x000000008c100000, 0x000000008c100000, 0x000000008c200000|  0%| F|  |TAMS 0x000000008c100000, 0x000000008c100000| Untracked 
| 194|0x000000008c200000, 0x000000008c200000, 0x000000008c300000|  0%| F|  |TAMS 0x000000008c200000, 0x000000008c200000| Untracked 
| 195|0x000000008c300000, 0x000000008c300000, 0x000000008c400000|  0%| F|  |TAMS 0x000000008c300000, 0x000000008c300000| Untracked 
| 196|0x000000008c400000, 0x000000008c400000, 0x000000008c500000|  0%| F|  |TAMS 0x000000008c400000, 0x000000008c400000| Untracked 
| 197|0x000000008c500000, 0x000000008c500000, 0x000000008c600000|  0%| F|  |TAMS 0x000000008c500000, 0x000000008c500000| Untracked 
| 198|0x000000008c600000, 0x000000008c600000, 0x000000008c700000|  0%| F|  |TAMS 0x000000008c600000, 0x000000008c600000| Untracked 
| 199|0x000000008c700000, 0x000000008c700000, 0x000000008c800000|  0%| F|  |TAMS 0x000000008c700000, 0x000000008c700000| Untracked 
| 200|0x000000008c800000, 0x000000008c800000, 0x000000008c900000|  0%| F|  |TAMS 0x000000008c800000, 0x000000008c800000| Untracked 
| 201|0x000000008c900000, 0x000000008c900000, 0x000000008ca00000|  0%| F|  |TAMS 0x000000008c900000, 0x000000008c900000| Untracked 
| 202|0x000000008ca00000, 0x000000008ca00000, 0x000000008cb00000|  0%| F|  |TAMS 0x000000008ca00000, 0x000000008ca00000| Untracked 
| 203|0x000000008cb00000, 0x000000008cb00000, 0x000000008cc00000|  0%| F|  |TAMS 0x000000008cb00000, 0x000000008cb00000| Untracked 
| 204|0x000000008cc00000, 0x000000008cc00000, 0x000000008cd00000|  0%| F|  |TAMS 0x000000008cc00000, 0x000000008cc00000| Untracked 
| 205|0x000000008cd00000, 0x000000008cd00000, 0x000000008ce00000|  0%| F|  |TAMS 0x000000008cd00000, 0x000000008cd00000| Untracked 
| 206|0x000000008ce00000, 0x000000008ce00000, 0x000000008cf00000|  0%| F|  |TAMS 0x000000008ce00000, 0x000000008ce00000| Untracked 
| 207|0x000000008cf00000, 0x000000008cf00000, 0x000000008d000000|  0%| F|  |TAMS 0x000000008cf00000, 0x000000008cf00000| Untracked 
| 208|0x000000008d000000, 0x000000008d000000, 0x000000008d100000|  0%| F|  |TAMS 0x000000008d000000, 0x000000008d000000| Untracked 
| 209|0x000000008d100000, 0x000000008d100000, 0x000000008d200000|  0%| F|  |TAMS 0x000000008d100000, 0x000000008d100000| Untracked 
| 210|0x000000008d200000, 0x000000008d200000, 0x000000008d300000|  0%| F|  |TAMS 0x000000008d200000, 0x000000008d200000| Untracked 
| 211|0x000000008d300000, 0x000000008d300000, 0x000000008d400000|  0%| F|  |TAMS 0x000000008d300000, 0x000000008d300000| Untracked 
| 212|0x000000008d400000, 0x000000008d400000, 0x000000008d500000|  0%| F|  |TAMS 0x000000008d400000, 0x000000008d400000| Untracked 
| 213|0x000000008d500000, 0x000000008d500000, 0x000000008d600000|  0%| F|  |TAMS 0x000000008d500000, 0x000000008d500000| Untracked 
| 214|0x000000008d600000, 0x000000008d600000, 0x000000008d700000|  0%| F|  |TAMS 0x000000008d600000, 0x000000008d600000| Untracked 
| 215|0x000000008d700000, 0x000000008d700000, 0x000000008d800000|  0%| F|  |TAMS 0x000000008d700000, 0x000000008d700000| Untracked 
| 216|0x000000008d800000, 0x000000008d800000, 0x000000008d900000|  0%| F|  |TAMS 0x000000008d800000, 0x000000008d800000| Untracked 
| 217|0x000000008d900000, 0x000000008d900000, 0x000000008da00000|  0%| F|  |TAMS 0x000000008d900000, 0x000000008d900000| Untracked 
| 218|0x000000008da00000, 0x000000008da00000, 0x000000008db00000|  0%| F|  |TAMS 0x000000008da00000, 0x000000008da00000| Untracked 
| 219|0x000000008db00000, 0x000000008db00000, 0x000000008dc00000|  0%| F|  |TAMS 0x000000008db00000, 0x000000008db00000| Untracked 
| 220|0x000000008dc00000, 0x000000008dc00000, 0x000000008dd00000|  0%| F|  |TAMS 0x000000008dc00000, 0x000000008dc00000| Untracked 
| 221|0x000000008dd00000, 0x000000008dd00000, 0x000000008de00000|  0%| F|  |TAMS 0x000000008dd00000, 0x000000008dd00000| Untracked 
| 222|0x000000008de00000, 0x000000008de00000, 0x000000008df00000|  0%| F|  |TAMS 0x000000008de00000, 0x000000008de00000| Untracked 
| 223|0x000000008df00000, 0x000000008df00000, 0x000000008e000000|  0%| F|  |TAMS 0x000000008df00000, 0x000000008df00000| Untracked 
| 224|0x000000008e000000, 0x000000008e000000, 0x000000008e100000|  0%| F|  |TAMS 0x000000008e000000, 0x000000008e000000| Untracked 
| 225|0x000000008e100000, 0x000000008e100000, 0x000000008e200000|  0%| F|  |TAMS 0x000000008e100000, 0x000000008e100000| Untracked 
| 226|0x000000008e200000, 0x000000008e200000, 0x000000008e300000|  0%| F|  |TAMS 0x000000008e200000, 0x000000008e200000| Untracked 
| 227|0x000000008e300000, 0x000000008e300000, 0x000000008e400000|  0%| F|  |TAMS 0x000000008e300000, 0x000000008e300000| Untracked 
| 228|0x000000008e400000, 0x000000008e400000, 0x000000008e500000|  0%| F|  |TAMS 0x000000008e400000, 0x000000008e400000| Untracked 
| 229|0x000000008e500000, 0x000000008e500000, 0x000000008e600000|  0%| F|  |TAMS 0x000000008e500000, 0x000000008e500000| Untracked 
| 230|0x000000008e600000, 0x000000008e600000, 0x000000008e700000|  0%| F|  |TAMS 0x000000008e600000, 0x000000008e600000| Untracked 
| 231|0x000000008e700000, 0x000000008e700000, 0x000000008e800000|  0%| F|  |TAMS 0x000000008e700000, 0x000000008e700000| Untracked 
| 232|0x000000008e800000, 0x000000008e800000, 0x000000008e900000|  0%| F|  |TAMS 0x000000008e800000, 0x000000008e800000| Untracked 
| 233|0x000000008e900000, 0x000000008e900000, 0x000000008ea00000|  0%| F|  |TAMS 0x000000008e900000, 0x000000008e900000| Untracked 
| 234|0x000000008ea00000, 0x000000008ea00000, 0x000000008eb00000|  0%| F|  |TAMS 0x000000008ea00000, 0x000000008ea00000| Untracked 
| 235|0x000000008eb00000, 0x000000008eb00000, 0x000000008ec00000|  0%| F|  |TAMS 0x000000008eb00000, 0x000000008eb00000| Untracked 
| 236|0x000000008ec00000, 0x000000008ec00000, 0x000000008ed00000|  0%| F|  |TAMS 0x000000008ec00000, 0x000000008ec00000| Untracked 
| 237|0x000000008ed00000, 0x000000008ed00000, 0x000000008ee00000|  0%| F|  |TAMS 0x000000008ed00000, 0x000000008ed00000| Untracked 
| 238|0x000000008ee00000, 0x000000008ee00000, 0x000000008ef00000|  0%| F|  |TAMS 0x000000008ee00000, 0x000000008ee00000| Untracked 
| 239|0x000000008ef00000, 0x000000008ef00000, 0x000000008f000000|  0%| F|  |TAMS 0x000000008ef00000, 0x000000008ef00000| Untracked 
| 240|0x000000008f000000, 0x000000008f000000, 0x000000008f100000|  0%| F|  |TAMS 0x000000008f000000, 0x000000008f000000| Untracked 
| 241|0x000000008f100000, 0x000000008f100000, 0x000000008f200000|  0%| F|  |TAMS 0x000000008f100000, 0x000000008f100000| Untracked 
| 242|0x000000008f200000, 0x000000008f200000, 0x000000008f300000|  0%| F|  |TAMS 0x000000008f200000, 0x000000008f200000| Untracked 
| 243|0x000000008f300000, 0x000000008f300000, 0x000000008f400000|  0%| F|  |TAMS 0x000000008f300000, 0x000000008f300000| Untracked 
| 244|0x000000008f400000, 0x000000008f400000, 0x000000008f500000|  0%| F|  |TAMS 0x000000008f400000, 0x000000008f400000| Untracked 
| 245|0x000000008f500000, 0x000000008f500000, 0x000000008f600000|  0%| F|  |TAMS 0x000000008f500000, 0x000000008f500000| Untracked 
| 246|0x000000008f600000, 0x000000008f600000, 0x000000008f700000|  0%| F|  |TAMS 0x000000008f600000, 0x000000008f600000| Untracked 
| 247|0x000000008f700000, 0x000000008f700000, 0x000000008f800000|  0%| F|  |TAMS 0x000000008f700000, 0x000000008f700000| Untracked 
| 248|0x000000008f800000, 0x000000008f800000, 0x000000008f900000|  0%| F|  |TAMS 0x000000008f800000, 0x000000008f800000| Untracked 
| 249|0x000000008f900000, 0x000000008f900000, 0x000000008fa00000|  0%| F|  |TAMS 0x000000008f900000, 0x000000008f900000| Untracked 
| 250|0x000000008fa00000, 0x000000008fa00000, 0x000000008fb00000|  0%| F|  |TAMS 0x000000008fa00000, 0x000000008fa00000| Untracked 
| 251|0x000000008fb00000, 0x000000008fb00000, 0x000000008fc00000|  0%| F|  |TAMS 0x000000008fb00000, 0x000000008fb00000| Untracked 
| 252|0x000000008fc00000, 0x000000008fc00000, 0x000000008fd00000|  0%| F|  |TAMS 0x000000008fc00000, 0x000000008fc00000| Untracked 
| 253|0x000000008fd00000, 0x000000008fd00000, 0x000000008fe00000|  0%| F|  |TAMS 0x000000008fd00000, 0x000000008fd00000| Untracked 

Card table byte_map: [0x00000260a6a20000,0x00000260a6e20000] _byte_map_base: 0x00000260a6620000

Marking Bits (Prev, Next): (CMBitMap*) 0x000002608f7cc680, (CMBitMap*) 0x000002608f7cc640
 Prev Bits: [0x00000260a9220000, 0x00000260ab220000)
 Next Bits: [0x00000260a7220000, 0x00000260a9220000)

Polling page: 0x000002608d760000

Metaspace:

Usage:
  Non-class:     94.49 MB used.
      Class:     15.04 MB used.
       Both:    109.53 MB used.

Virtual space:
  Non-class space:      128.00 MB reserved,      95.12 MB ( 74%) committed,  2 nodes.
      Class space:      416.00 MB reserved,      15.62 MB (  4%) committed,  1 nodes.
             Both:      544.00 MB reserved,     110.75 MB ( 20%) committed. 

Chunk freelists:
   Non-Class:  16.00 KB
       Class:  416.00 KB
        Both:  432.00 KB

MaxMetaspaceSize: 512.00 MB
CompressedClassSpaceSize: 416.00 MB
Initial GC threshold: 21.00 MB
Current GC threshold: 111.19 MB
CDS: on
MetaspaceReclaimPolicy: balanced
 - commit_granule_bytes: 65536.
 - commit_granule_words: 8192.
 - virtual_space_node_default_size: 8388608.
 - enlarge_chunks_in_place: 1.
 - new_chunks_are_fully_committed: 0.
 - uncommit_free_chunks: 1.
 - use_allocation_guard: 0.
 - handle_deallocations: 1.


Internal statistics:

num_allocs_failed_limit: 6.
num_arena_births: 1928.
num_arena_deaths: 0.
num_vsnodes_births: 3.
num_vsnodes_deaths: 0.
num_space_committed: 1771.
num_space_uncommitted: 0.
num_chunks_returned_to_freelist: 6.
num_chunks_taken_from_freelist: 6914.
num_chunk_merges: 6.
num_chunk_splits: 4290.
num_chunks_enlarged: 2523.
num_inconsistent_stats: 0.

CodeHeap 'non-profiled nmethods': size=120000Kb used=9496Kb max_used=9496Kb free=110504Kb
 bounds [0x000002609edc0000, 0x000002609f720000, 0x00000260a62f0000]
CodeHeap 'profiled nmethods': size=120000Kb used=25642Kb max_used=27040Kb free=94357Kb
 bounds [0x00000260972f0000, 0x0000026098d60000, 0x000002609e820000]
CodeHeap 'non-nmethods': size=5760Kb used=2477Kb max_used=2570Kb free=3282Kb
 bounds [0x000002609e820000, 0x000002609eac0000, 0x000002609edc0000]
 total_blobs=14800 nmethods=13781 adapters=930
 compilation: enabled
              stopped_count=0, restarted_count=0
 full_count=0

Compilation events (20 events):
Event: 13765.997 Thread 0x00000260cd00d7a0 16736       4       org.gradle.process.internal.health.memory.DefaultAvailableOsMemoryStatusAspect::<init> (68 bytes)
Event: 13765.999 Thread 0x00000260cd00d7a0 nmethod 16736 0x000002609f255990 code [0x000002609f255b20, 0x000002609f255d18]
Event: 13973.737 Thread 0x00000260cd00d7a0 16737       4       java.lang.Long::equals (30 bytes)
Event: 13973.738 Thread 0x00000260cd00d7a0 nmethod 16737 0x000002609f255690 code [0x000002609f255820, 0x000002609f2558d8]
Event: 14863.723 Thread 0x00000260cd00d7a0 16738  s!   4       org.gradle.internal.concurrent.CompositeStoppable::stop (132 bytes)
Event: 14863.745 Thread 0x00000260cd00d7a0 nmethod 16738 0x000002609f254710 code [0x000002609f2548e0, 0x000002609f255038]
Event: 15723.723 Thread 0x00000260cd00d7a0 16739       4       java.util.LinkedHashMap::valuesToArray (38 bytes)
Event: 15723.729 Thread 0x00000260cd00d7a0 nmethod 16739 0x000002609f254290 code [0x000002609f254420, 0x000002609f254618]
Event: 15973.836 Thread 0x00000260cd00d7a0 16740       4       org.gradle.launcher.daemon.registry.DaemonInfo::<init> (12 bytes)
Event: 15973.846 Thread 0x00000260cd00d7a0 nmethod 16740 0x000002609f253b10 code [0x000002609f253ca0, 0x000002609f2541d8]
Event: 16015.997 Thread 0x00000260cd00d7a0 16741   !   4       org.gradle.process.internal.health.memory.DefaultMemoryManager::doRequestFreeMemory (193 bytes)
Event: 16016.223 Thread 0x00000260cd00d7a0 nmethod 16741 0x000002609f655b90 code [0x000002609f655f20, 0x000002609f659730]
Event: 16066.002 Thread 0x00000260cd00d7a0 16742       4       org.gradle.internal.logging.slf4j.OutputEventListenerBackedLogger::debug (7 bytes)
Event: 16066.006 Thread 0x00000260cd00d7a0 nmethod 16742 0x000002609f655710 code [0x000002609f6558a0, 0x000002609f6559c8]
Event: 16345.992 Thread 0x00000260cd00d7a0 16743   !   4       org.gradle.process.internal.health.memory.DefaultMemoryManager::doRequestFreeMemory (193 bytes)
Event: 16346.142 Thread 0x00000260cd00d7a0 nmethod 16743 0x000002609f3f4c90 code [0x000002609f3f5020, 0x000002609f3f8870]
Event: 16440.999 Thread 0x00000260cd00e250 16744       3       org.gradle.util.internal.CollectionUtils::sort (12 bytes)
Event: 16441.023 Thread 0x00000260cd00e250 nmethod 16744 0x0000026098bf0c10 code [0x0000026098bf0dc0, 0x0000026098bf1018]
Event: 17203.721 Thread 0x00000260cd00d7a0 16745       4       java.io.FileInputStream::read (8 bytes)
Event: 17203.722 Thread 0x00000260cd00d7a0 nmethod 16745 0x000002609f655410 code [0x000002609f6555a0, 0x000002609f655648]

GC Heap History (20 events):
Event: 5356.051 GC heap after
{Heap after GC invocations=56 (full 0):
 garbage-first heap   total 204800K, used 140359K [0x0000000080000000, 0x0000000100000000)
  region size 1024K, 2 young (2048K), 2 survivors (2048K)
 Metaspace       used 112154K, committed 113408K, reserved 557056K
  class space    used 15397K, committed 16000K, reserved 425984K
}
Event: 7910.995 GC heap before
{Heap before GC invocations=56 (full 0):
 garbage-first heap   total 204800K, used 180295K [0x0000000080000000, 0x0000000100000000)
  region size 1024K, 41 young (41984K), 2 survivors (2048K)
 Metaspace       used 112154K, committed 113408K, reserved 557056K
  class space    used 15397K, committed 16000K, reserved 425984K
}
Event: 7911.089 GC heap after
{Heap after GC invocations=57 (full 0):
 garbage-first heap   total 204800K, used 140330K [0x0000000080000000, 0x0000000100000000)
  region size 1024K, 2 young (2048K), 2 survivors (2048K)
 Metaspace       used 112154K, committed 113408K, reserved 557056K
  class space    used 15397K, committed 16000K, reserved 425984K
}
Event: 10451.013 GC heap before
{Heap before GC invocations=57 (full 0):
 garbage-first heap   total 204800K, used 180266K [0x0000000080000000, 0x0000000100000000)
  region size 1024K, 41 young (41984K), 2 survivors (2048K)
 Metaspace       used 112154K, committed 113408K, reserved 557056K
  class space    used 15397K, committed 16000K, reserved 425984K
}
Event: 10451.041 GC heap after
{Heap after GC invocations=58 (full 0):
 garbage-first heap   total 204800K, used 140326K [0x0000000080000000, 0x0000000100000000)
  region size 1024K, 2 young (2048K), 2 survivors (2048K)
 Metaspace       used 112154K, committed 113408K, reserved 557056K
  class space    used 15397K, committed 16000K, reserved 425984K
}
Event: 13047.609 GC heap before
{Heap before GC invocations=58 (full 0):
 garbage-first heap   total 204800K, used 181286K [0x0000000080000000, 0x0000000100000000)
  region size 1024K, 42 young (43008K), 2 survivors (2048K)
 Metaspace       used 112154K, committed 113408K, reserved 557056K
  class space    used 15397K, committed 16000K, reserved 425984K
}
Event: 13047.689 GC heap after
{Heap after GC invocations=59 (full 0):
 garbage-first heap   total 204800K, used 140353K [0x0000000080000000, 0x0000000100000000)
  region size 1024K, 2 young (2048K), 2 survivors (2048K)
 Metaspace       used 112154K, committed 113408K, reserved 557056K
  class space    used 15397K, committed 16000K, reserved 425984K
}
Event: 15641.005 GC heap before
{Heap before GC invocations=59 (full 0):
 garbage-first heap   total 204800K, used 181313K [0x0000000080000000, 0x0000000100000000)
  region size 1024K, 42 young (43008K), 2 survivors (2048K)
 Metaspace       used 112154K, committed 113408K, reserved 557056K
  class space    used 15397K, committed 16000K, reserved 425984K
}
Event: 15641.026 GC heap after
{Heap after GC invocations=60 (full 0):
 garbage-first heap   total 204800K, used 140328K [0x0000000080000000, 0x0000000100000000)
  region size 1024K, 2 young (2048K), 2 survivors (2048K)
 Metaspace       used 112154K, committed 113408K, reserved 557056K
  class space    used 15397K, committed 16000K, reserved 425984K
}
Event: 27984.888 GC heap before
{Heap before GC invocations=60 (full 0):
 garbage-first heap   total 204800K, used 181288K [0x0000000080000000, 0x0000000100000000)
  region size 1024K, 42 young (43008K), 2 survivors (2048K)
 Metaspace       used 112154K, committed 113408K, reserved 557056K
  class space    used 15397K, committed 16000K, reserved 425984K
}
Event: 27989.019 GC heap after
{Heap after GC invocations=61 (full 0):
 garbage-first heap   total 204800K, used 140332K [0x0000000080000000, 0x0000000100000000)
  region size 1024K, 2 young (2048K), 2 survivors (2048K)
 Metaspace       used 112154K, committed 113408K, reserved 557056K
  class space    used 15397K, committed 16000K, reserved 425984K
}
Event: 27989.334 GC heap before
{Heap before GC invocations=61 (full 0):
 garbage-first heap   total 204800K, used 148524K [0x0000000080000000, 0x0000000100000000)
  region size 1024K, 10 young (10240K), 2 survivors (2048K)
 Metaspace       used 112154K, committed 113408K, reserved 557056K
  class space    used 15397K, committed 16000K, reserved 425984K
}
Event: 27991.245 GC heap after
{Heap after GC invocations=62 (full 0):
 garbage-first heap   total 204800K, used 140334K [0x0000000080000000, 0x0000000100000000)
  region size 1024K, 1 young (1024K), 1 survivors (1024K)
 Metaspace       used 112154K, committed 113408K, reserved 557056K
  class space    used 15397K, committed 16000K, reserved 425984K
}
Event: 27991.255 GC heap before
{Heap before GC invocations=62 (full 0):
 garbage-first heap   total 204800K, used 149550K [0x0000000080000000, 0x0000000100000000)
  region size 1024K, 10 young (10240K), 1 survivors (1024K)
 Metaspace       used 112154K, committed 113408K, reserved 557056K
  class space    used 15397K, committed 16000K, reserved 425984K
}
Event: 27991.461 GC heap after
{Heap after GC invocations=63 (full 0):
 garbage-first heap   total 204800K, used 140279K [0x0000000080000000, 0x0000000100000000)
  region size 1024K, 1 young (1024K), 1 survivors (1024K)
 Metaspace       used 112154K, committed 113408K, reserved 557056K
  class space    used 15397K, committed 16000K, reserved 425984K
}
Event: 27991.524 GC heap before
{Heap before GC invocations=63 (full 0):
 garbage-first heap   total 204800K, used 149495K [0x0000000080000000, 0x0000000100000000)
  region size 1024K, 10 young (10240K), 1 survivors (1024K)
 Metaspace       used 112154K, committed 113408K, reserved 557056K
  class space    used 15397K, committed 16000K, reserved 425984K
}
Event: 27991.531 GC heap after
{Heap after GC invocations=64 (full 0):
 garbage-first heap   total 204800K, used 140243K [0x0000000080000000, 0x0000000100000000)
  region size 1024K, 1 young (1024K), 1 survivors (1024K)
 Metaspace       used 112154K, committed 113408K, reserved 557056K
  class space    used 15397K, committed 16000K, reserved 425984K
}
Event: 27991.610 GC heap before
{Heap before GC invocations=64 (full 0):
 garbage-first heap   total 204800K, used 149459K [0x0000000080000000, 0x0000000100000000)
  region size 1024K, 10 young (10240K), 1 survivors (1024K)
 Metaspace       used 112154K, committed 113408K, reserved 557056K
  class space    used 15397K, committed 16000K, reserved 425984K
}
Event: 27991.613 GC heap after
{Heap after GC invocations=65 (full 0):
 garbage-first heap   total 204800K, used 140250K [0x0000000080000000, 0x0000000100000000)
  region size 1024K, 1 young (1024K), 1 survivors (1024K)
 Metaspace       used 112154K, committed 113408K, reserved 557056K
  class space    used 15397K, committed 16000K, reserved 425984K
}
Event: 27991.948 GC heap before
{Heap before GC invocations=65 (full 0):
 garbage-first heap   total 204800K, used 149466K [0x0000000080000000, 0x0000000100000000)
  region size 1024K, 10 young (10240K), 1 survivors (1024K)
 Metaspace       used 112154K, committed 113408K, reserved 557056K
  class space    used 15397K, committed 16000K, reserved 425984K
}

Dll operation events (16 events):
Event: 0.018 Loaded shared library C:\Program Files\Eclipse Adoptium\jdk-17.0.19.10-hotspot\bin\java.dll
Event: 0.045 Loaded shared library C:\Program Files\Eclipse Adoptium\jdk-17.0.19.10-hotspot\bin\jsvml.dll
Event: 0.146 Loaded shared library C:\Program Files\Eclipse Adoptium\jdk-17.0.19.10-hotspot\bin\zip.dll
Event: 0.151 Loaded shared library C:\Program Files\Eclipse Adoptium\jdk-17.0.19.10-hotspot\bin\instrument.dll
Event: 0.157 Loaded shared library C:\Program Files\Eclipse Adoptium\jdk-17.0.19.10-hotspot\bin\net.dll
Event: 0.160 Loaded shared library C:\Program Files\Eclipse Adoptium\jdk-17.0.19.10-hotspot\bin\nio.dll
Event: 0.164 Loaded shared library C:\Program Files\Eclipse Adoptium\jdk-17.0.19.10-hotspot\bin\zip.dll
Event: 0.559 Loaded shared library C:\Program Files\Eclipse Adoptium\jdk-17.0.19.10-hotspot\bin\jimage.dll
Event: 0.849 Loaded shared library C:\Program Files\Eclipse Adoptium\jdk-17.0.19.10-hotspot\bin\verify.dll
Event: 1.109 Loaded shared library C:\Users\USER\.gradle\native\1def1411415f61bf3af743bc5b6707747c0891f09f0c88961ee8f79bc544acac\windows-amd64\native-platform.dll
Event: 1.149 Loaded shared library C:\Users\USER\.gradle\native\0.2.7\x86_64-windows-gnu\gradle-fileevents.dll
Event: 2.869 Loaded shared library C:\Program Files\Eclipse Adoptium\jdk-17.0.19.10-hotspot\bin\management.dll
Event: 2.872 Loaded shared library C:\Program Files\Eclipse Adoptium\jdk-17.0.19.10-hotspot\bin\management_ext.dll
Event: 3.401 Loaded shared library C:\Program Files\Eclipse Adoptium\jdk-17.0.19.10-hotspot\bin\extnet.dll
Event: 3.754 Loaded shared library C:\Program Files\Eclipse Adoptium\jdk-17.0.19.10-hotspot\bin\sunmscapi.dll
Event: 98.845 Loaded shared library C:\Users\USER\AppData\Local\Temp\jna-2614219\jna12832758494888327401.dll

Deoptimization events (20 events):
Event: 1769.437 Thread 0x00000260cd139be0 DEOPT PACKING pc=0x0000026097b11012 sp=0x0000008ba18ff470
Event: 1769.437 Thread 0x00000260cd139be0 DEOPT UNPACKING pc=0x000002609e877143 sp=0x0000008ba18fe990 mode 0
Event: 1775.335 Thread 0x00000260cd13a600 DEOPT PACKING pc=0x0000026097a6713d sp=0x0000008ba37ff040
Event: 1775.336 Thread 0x00000260cd13a600 DEOPT UNPACKING pc=0x000002609e877143 sp=0x0000008ba37fe530 mode 0
Event: 16020.996 Thread 0x00000260cda5dcc0 Uncommon trap: trap_request=0xffffffbe fr.pc=0x000002609f658c58 relative=0x0000000000002d38
Event: 16020.996 Thread 0x00000260cda5dcc0 Uncommon trap: reason=profile_predicate action=maybe_recompile pc=0x000002609f658c58 method=org.gradle.process.internal.health.memory.DefaultMemoryManager.doRequestFreeMemory(Ljava/lang/String;JJ)J @ 94 c2
Event: 16020.997 Thread 0x00000260cda5dcc0 DEOPT PACKING pc=0x000002609f658c58 sp=0x0000008ba3ffee80
Event: 16020.999 Thread 0x00000260cda5dcc0 DEOPT UNPACKING pc=0x000002609e8769a3 sp=0x0000008ba3ffee88 mode 2
Event: 16020.999 Thread 0x00000260cda5dcc0 Uncommon trap: trap_request=0xffffffbe fr.pc=0x000002609f658c58 relative=0x0000000000002d38
Event: 16020.999 Thread 0x00000260cda5dcc0 Uncommon trap: reason=profile_predicate action=maybe_recompile pc=0x000002609f658c58 method=org.gradle.process.internal.health.memory.DefaultMemoryManager.doRequestFreeMemory(Ljava/lang/String;JJ)J @ 94 c2
Event: 16020.999 Thread 0x00000260cda5dcc0 DEOPT PACKING pc=0x000002609f658c58 sp=0x0000008ba3ffee80
Event: 16021.000 Thread 0x00000260cda5dcc0 DEOPT UNPACKING pc=0x000002609e8769a3 sp=0x0000008ba3ffee88 mode 2
Event: 16025.999 Thread 0x00000260cda5dcc0 Uncommon trap: trap_request=0xffffffbe fr.pc=0x000002609f658c58 relative=0x0000000000002d38
Event: 16026.004 Thread 0x00000260cda5dcc0 Uncommon trap: reason=profile_predicate action=maybe_recompile pc=0x000002609f658c58 method=org.gradle.process.internal.health.memory.DefaultMemoryManager.doRequestFreeMemory(Ljava/lang/String;JJ)J @ 94 c2
Event: 16026.004 Thread 0x00000260cda5dcc0 DEOPT PACKING pc=0x000002609f658c58 sp=0x0000008ba3ffee80
Event: 16026.005 Thread 0x00000260cda5dcc0 DEOPT UNPACKING pc=0x000002609e8769a3 sp=0x0000008ba3ffee88 mode 2
Event: 16026.005 Thread 0x00000260cda5dcc0 Uncommon trap: trap_request=0xffffffbe fr.pc=0x000002609f658c58 relative=0x0000000000002d38
Event: 16026.005 Thread 0x00000260cda5dcc0 Uncommon trap: reason=profile_predicate action=maybe_recompile pc=0x000002609f658c58 method=org.gradle.process.internal.health.memory.DefaultMemoryManager.doRequestFreeMemory(Ljava/lang/String;JJ)J @ 94 c2
Event: 16026.005 Thread 0x00000260cda5dcc0 DEOPT PACKING pc=0x000002609f658c58 sp=0x0000008ba3ffee80
Event: 16026.005 Thread 0x00000260cda5dcc0 DEOPT UNPACKING pc=0x000002609e8769a3 sp=0x0000008ba3ffee88 mode 2

Classes loaded (20 events):
Event: 100.283 Loading class sun/nio/cs/ISO_8859_1$Encoder
Event: 100.283 Loading class sun/nio/cs/ISO_8859_1$Encoder done
Event: 100.284 Loading class sun/nio/cs/Surrogate$Parser
Event: 100.284 Loading class sun/nio/cs/Surrogate$Parser done
Event: 100.284 Loading class sun/nio/cs/Surrogate
Event: 100.284 Loading class sun/nio/cs/Surrogate done
Event: 100.478 Loading class sun/net/www/http/KeepAliveStream
Event: 100.478 Loading class sun/net/www/http/Hurryable
Event: 100.478 Loading class sun/net/www/http/Hurryable done
Event: 100.478 Loading class sun/net/www/MeteredStream
Event: 100.479 Loading class sun/net/www/MeteredStream done
Event: 100.481 Loading class sun/net/www/http/KeepAliveStream done
Event: 100.481 Loading class sun/net/www/http/KeepAliveStreamCleaner
Event: 100.481 Loading class sun/net/www/http/KeepAliveStreamCleaner done
Event: 100.484 Loading class sun/net/www/http/KeepAliveStreamCleaner$1
Event: 100.484 Loading class sun/net/www/http/KeepAliveStreamCleaner$1 done
Event: 100.484 Loading class sun/net/www/http/KeepAliveStreamCleaner$2
Event: 100.484 Loading class sun/net/www/http/KeepAliveStreamCleaner$2 done
Event: 109.895 Loading class jdk/internal/misc/ScopedMemoryAccess$Scope$Handle
Event: 109.895 Loading class jdk/internal/misc/ScopedMemoryAccess$Scope$Handle done

Classes unloaded (0 events):
No events

Classes redefined (0 events):
No events

Internal exceptions (20 events):
Event: 97.082 Thread 0x00000260ceebb300 Exception <a 'sun/nio/fs/WindowsException'{0x000000008b0e47f0}> (0x000000008b0e47f0) 
thrown [s\src\hotspot\share\prims\jni.cpp, line 516]
Event: 97.083 Thread 0x00000260ceebb300 Exception <a 'sun/nio/fs/WindowsException'{0x000000008b0e68d8}> (0x000000008b0e68d8) 
thrown [s\src\hotspot\share\prims\jni.cpp, line 516]
Event: 97.083 Thread 0x00000260ceebb300 Exception <a 'sun/nio/fs/WindowsException'{0x000000008b0e8830}> (0x000000008b0e8830) 
thrown [s\src\hotspot\share\prims\jni.cpp, line 516]
Event: 97.083 Thread 0x00000260ceebb300 Exception <a 'sun/nio/fs/WindowsException'{0x000000008b0ea928}> (0x000000008b0ea928) 
thrown [s\src\hotspot\share\prims\jni.cpp, line 516]
Event: 97.083 Thread 0x00000260ceebb300 Exception <a 'sun/nio/fs/WindowsException'{0x000000008b0ecd60}> (0x000000008b0ecd60) 
thrown [s\src\hotspot\share\prims\jni.cpp, line 516]
Event: 97.192 Thread 0x00000260ceebb300 Exception <a 'sun/nio/fs/WindowsException'{0x000000008a91cd00}> (0x000000008a91cd00) 
thrown [s\src\hotspot\share\prims\jni.cpp, line 516]
Event: 98.259 Thread 0x00000260ceebb300 Exception <a 'java/lang/NoSuchMethodError'{0x000000008fdea0b8}: 'java.lang.Object java.lang.invoke.DirectMethodHandle$Holder.newInvokeSpecial(java.lang.Object, double)'> (0x000000008fdea0b8) 
thrown [s\src\hotspot\share\interpreter\linkResolver.cpp, line 759]
Event: 98.264 Thread 0x00000260ceebb300 Implicit null exception at 0x000002609edf38af to 0x000002609edf3929
Event: 98.310 Thread 0x00000260ceebb300 Exception <a 'sun/nio/fs/WindowsException'{0x000000008c425020}> (0x000000008c425020) 
thrown [s\src\hotspot\share\prims\jni.cpp, line 516]
Event: 99.035 Thread 0x00000260ceebb300 Exception <a 'java/lang/UnsatisfiedLinkError'{0x000000008a23dda0}: The specified procedure could not be found.
> (0x000000008a23dda0) 
thrown [s\src\hotspot\share\prims\jni.cpp, line 535]
Event: 99.056 Thread 0x00000260ceebb300 Exception <a 'java/lang/UnsatisfiedLinkError'{0x000000008a2b70f0}: The specified procedure could not be found.
> (0x000000008a2b70f0) 
thrown [s\src\hotspot\share\prims\jni.cpp, line 535]
Event: 100.279 Thread 0x00000260ceebb300 Exception <a 'sun/nio/fs/WindowsException'{0x000000008ab94300}> (0x000000008ab94300) 
thrown [s\src\hotspot\share\prims\jni.cpp, line 516]
Event: 100.279 Thread 0x00000260ceebb300 Exception <a 'sun/nio/fs/WindowsException'{0x000000008ab963e8}> (0x000000008ab963e8) 
thrown [s\src\hotspot\share\prims\jni.cpp, line 516]
Event: 100.280 Thread 0x00000260ceebb300 Exception <a 'sun/nio/fs/WindowsException'{0x000000008ab98470}> (0x000000008ab98470) 
thrown [s\src\hotspot\share\prims\jni.cpp, line 516]
Event: 100.280 Thread 0x00000260ceebb300 Exception <a 'sun/nio/fs/WindowsException'{0x000000008ab9a088}> (0x000000008ab9a088) 
thrown [s\src\hotspot\share\prims\jni.cpp, line 516]
Event: 100.282 Thread 0x00000260ceebb300 Exception <a 'sun/nio/fs/WindowsException'{0x000000008ab9e570}> (0x000000008ab9e570) 
thrown [s\src\hotspot\share\prims\jni.cpp, line 516]
Event: 100.286 Thread 0x00000260ceebb300 Exception <a 'sun/nio/fs/WindowsException'{0x000000008abaf0a0}> (0x000000008abaf0a0) 
thrown [s\src\hotspot\share\prims\jni.cpp, line 516]
Event: 100.291 Thread 0x00000260ceebb300 Exception <a 'sun/nio/fs/WindowsException'{0x000000008abce5d0}> (0x000000008abce5d0) 
thrown [s\src\hotspot\share\prims\jni.cpp, line 516]
Event: 100.292 Thread 0x00000260ceebb300 Exception <a 'sun/nio/fs/WindowsException'{0x000000008abd2570}> (0x000000008abd2570) 
thrown [s\src\hotspot\share\prims\jni.cpp, line 516]
Event: 100.294 Thread 0x00000260ceebb300 Exception <a 'sun/nio/fs/WindowsException'{0x000000008abd4190}> (0x000000008abd4190) 
thrown [s\src\hotspot\share\prims\jni.cpp, line 516]

VM Operations (20 events):
Event: 13501.513 Executing VM operation: Cleanup done
Event: 13984.677 Executing VM operation: Cleanup
Event: 13984.677 Executing VM operation: Cleanup done
Event: 14874.066 Executing VM operation: Cleanup
Event: 14874.067 Executing VM operation: Cleanup done
Event: 15641.005 Executing VM operation: G1CollectForAllocation
Event: 15641.026 Executing VM operation: G1CollectForAllocation done
Event: 16356.653 Executing VM operation: Cleanup
Event: 16356.662 Executing VM operation: Cleanup done
Event: 27984.888 Executing VM operation: G1CollectForAllocation
Event: 27989.156 Executing VM operation: G1CollectForAllocation done
Event: 27989.334 Executing VM operation: G1CollectForAllocation
Event: 27991.245 Executing VM operation: G1CollectForAllocation done
Event: 27991.255 Executing VM operation: G1CollectForAllocation
Event: 27991.461 Executing VM operation: G1CollectForAllocation done
Event: 27991.524 Executing VM operation: G1CollectForAllocation
Event: 27991.531 Executing VM operation: G1CollectForAllocation done
Event: 27991.610 Executing VM operation: G1CollectForAllocation
Event: 27991.613 Executing VM operation: G1CollectForAllocation done
Event: 27991.948 Executing VM operation: G1CollectForAllocation

Memory protections (0 events):
No events

Nmethod flushes (20 events):
Event: 116.607 Thread 0x00000260cd00ec50 flushing  nmethod 0x0000026098ce9990
Event: 116.607 Thread 0x00000260cd00ec50 flushing  nmethod 0x0000026098ce9f10
Event: 116.607 Thread 0x00000260cd00ec50 flushing  nmethod 0x0000026098ceb910
Event: 116.607 Thread 0x00000260cd00ec50 flushing  nmethod 0x0000026098cedd90
Event: 116.607 Thread 0x00000260cd00ec50 flushing  nmethod 0x0000026098cf0410
Event: 116.607 Thread 0x00000260cd00ec50 flushing  nmethod 0x0000026098cf0b10
Event: 116.607 Thread 0x00000260cd00ec50 flushing  nmethod 0x0000026098cf0e90
Event: 116.607 Thread 0x00000260cd00ec50 flushing  nmethod 0x0000026098cfcb10
Event: 116.607 Thread 0x00000260cd00ec50 flushing  nmethod 0x0000026098cfe090
Event: 116.607 Thread 0x00000260cd00ec50 flushing  nmethod 0x0000026098cfe790
Event: 116.607 Thread 0x00000260cd00ec50 flushing  nmethod 0x0000026098cff290
Event: 116.607 Thread 0x00000260cd00ec50 flushing  nmethod 0x0000026098d00790
Event: 116.607 Thread 0x00000260cd00ec50 flushing  nmethod 0x0000026098d00b10
Event: 116.607 Thread 0x00000260cd00ec50 flushing  nmethod 0x0000026098d01410
Event: 116.607 Thread 0x00000260cd00ec50 flushing  nmethod 0x0000026098d01a10
Event: 116.607 Thread 0x00000260cd00ec50 flushing  nmethod 0x0000026098d02110
Event: 116.607 Thread 0x00000260cd00ec50 flushing  nmethod 0x0000026098d02510
Event: 116.607 Thread 0x00000260cd00ec50 flushing  nmethod 0x0000026098d02e10
Event: 116.607 Thread 0x00000260cd00ec50 flushing  nmethod 0x0000026098d03290
Event: 116.607 Thread 0x00000260cd00ec50 flushing  nmethod 0x0000026098d09910

Events (20 events):
Event: 98.873 Thread 0x00000260ceeb9ec0 Thread exited: 0x00000260ceeb9ec0
Event: 98.874 Thread 0x00000260cdb30140 Thread exited: 0x00000260cdb30140
Event: 98.874 Thread 0x00000260cda60540 Thread exited: 0x00000260cda60540
Event: 98.879 Thread 0x00000260ceeb8f90 Thread exited: 0x00000260ceeb8f90
Event: 98.887 Thread 0x00000260cdb32ed0 Thread exited: 0x00000260cdb32ed0
Event: 98.904 Thread 0x00000260ceeb99b0 Thread exited: 0x00000260ceeb99b0
Event: 98.919 Thread 0x00000260cd13ece0 Thread exited: 0x00000260cd13ece0
Event: 98.935 Thread 0x00000260cdb329c0 Thread exited: 0x00000260cdb329c0
Event: 98.951 Thread 0x00000260cdb31a90 Thread exited: 0x00000260cdb31a90
Event: 99.062 Thread 0x00000260cdb31070 Thread exited: 0x00000260cdb31070
Event: 100.977 Thread 0x00000260d041d440 Thread exited: 0x00000260d041d440
Event: 101.022 Thread 0x00000260d0418490 Thread exited: 0x00000260d0418490
Event: 108.336 Thread 0x00000260cda58bc0 Thread exited: 0x00000260cda58bc0
Event: 153.337 Thread 0x00000260cda5e6e0 Thread exited: 0x00000260cda5e6e0
Event: 154.866 Thread 0x00000260d01e5d20 Thread exited: 0x00000260d01e5d20
Event: 213.342 Thread 0x00000260cda5ebf0 Thread exited: 0x00000260cda5ebf0
Event: 273.354 Thread 0x00000260cda5be60 Thread exited: 0x00000260cda5be60
Event: 333.369 Thread 0x00000260cda5cd90 Thread exited: 0x00000260cda5cd90
Event: 393.384 Thread 0x00000260cda5aa20 Thread exited: 0x00000260cda5aa20
Event: 453.385 Thread 0x00000260cda5c880 Thread exited: 0x00000260cda5c880


Dynamic libraries:
0x00007ff77c8c0000 - 0x00007ff77c8ce000 	C:\Program Files\Eclipse Adoptium\jdk-17.0.19.10-hotspot\bin\java.exe
0x00007ffff7390000 - 0x00007ffff75a8000 	C:\WINDOWS\SYSTEM32\ntdll.dll
0x00007ffff5cd0000 - 0x00007ffff5d94000 	C:\WINDOWS\System32\KERNEL32.DLL
0x00007ffff4ab0000 - 0x00007ffff4e83000 	C:\WINDOWS\System32\KERNELBASE.dll
0x00007ffff44a0000 - 0x00007ffff45b1000 	C:\WINDOWS\System32\ucrtbase.dll
0x00007fff867f0000 - 0x00007fff86808000 	C:\Program Files\Eclipse Adoptium\jdk-17.0.19.10-hotspot\bin\jli.dll
0x00007fff83c30000 - 0x00007fff83c4e000 	C:\Program Files\Eclipse Adoptium\jdk-17.0.19.10-hotspot\bin\VCRUNTIME140.dll
0x00007ffff5b10000 - 0x00007ffff5cc2000 	C:\WINDOWS\System32\USER32.dll
0x00007fffdd7c0000 - 0x00007fffdda5c000 	C:\WINDOWS\WinSxS\amd64_microsoft.windows.common-controls_6595b64144ccf1df_6.0.22621.6060_none_2712eda17382d24b\COMCTL32.dll
0x00007ffff4700000 - 0x00007ffff4726000 	C:\WINDOWS\System32\win32u.dll
0x00007ffff70b0000 - 0x00007ffff7157000 	C:\WINDOWS\System32\msvcrt.dll
0x00007ffff5250000 - 0x00007ffff5279000 	C:\WINDOWS\System32\GDI32.dll
0x00007ffff4f10000 - 0x00007ffff502b000 	C:\WINDOWS\System32\gdi32full.dll
0x00007ffff4730000 - 0x00007ffff47ca000 	C:\WINDOWS\System32\msvcp_win.dll
0x00007ffff5390000 - 0x00007ffff53c1000 	C:\WINDOWS\System32\IMM32.DLL
0x00007fffba9b0000 - 0x00007fffba9bc000 	C:\Program Files\Eclipse Adoptium\jdk-17.0.19.10-hotspot\bin\vcruntime140_1.dll
0x00007fff56c50000 - 0x00007fff56cdd000 	C:\Program Files\Eclipse Adoptium\jdk-17.0.19.10-hotspot\bin\msvcp140.dll
0x00007fff4e760000 - 0x00007fff4f3cc000 	C:\Program Files\Eclipse Adoptium\jdk-17.0.19.10-hotspot\bin\server\jvm.dll
0x00007ffff50e0000 - 0x00007ffff5191000 	C:\WINDOWS\System32\ADVAPI32.dll
0x00007ffff5030000 - 0x00007ffff50d8000 	C:\WINDOWS\System32\sechost.dll
0x00007ffff4a00000 - 0x00007ffff4a28000 	C:\WINDOWS\System32\bcrypt.dll
0x00007ffff5f80000 - 0x00007ffff6098000 	C:\WINDOWS\System32\RPCRT4.dll
0x00007ffff7030000 - 0x00007ffff70a1000 	C:\WINDOWS\System32\WS2_32.dll
0x00007ffff32b0000 - 0x00007ffff32fd000 	C:\WINDOWS\SYSTEM32\POWRPROF.dll
0x00007fffec210000 - 0x00007fffec21a000 	C:\WINDOWS\SYSTEM32\VERSION.dll
0x00007fffec1d0000 - 0x00007fffec204000 	C:\WINDOWS\SYSTEM32\WINMM.dll
0x00007ffff3290000 - 0x00007ffff32a3000 	C:\WINDOWS\SYSTEM32\UMPDC.dll
0x00007ffff3530000 - 0x00007ffff3548000 	C:\WINDOWS\SYSTEM32\kernel.appcore.dll
0x00007fffba8a0000 - 0x00007fffba8aa000 	C:\Program Files\Eclipse Adoptium\jdk-17.0.19.10-hotspot\bin\jimage.dll
0x00007ffff1cf0000 - 0x00007ffff1f23000 	C:\WINDOWS\SYSTEM32\DBGHELP.DLL
0x00007ffff60f0000 - 0x00007ffff6481000 	C:\WINDOWS\System32\combase.dll
0x00007ffff7160000 - 0x00007ffff7238000 	C:\WINDOWS\System32\OLEAUT32.dll
0x00007fffce9f0000 - 0x00007fffcea22000 	C:\WINDOWS\SYSTEM32\dbgcore.DLL
0x00007ffff4a30000 - 0x00007ffff4aab000 	C:\WINDOWS\System32\bcryptPrimitives.dll
0x00007fff875f0000 - 0x00007fff875fe000 	C:\Program Files\Eclipse Adoptium\jdk-17.0.19.10-hotspot\bin\instrument.dll
0x00007fff61ac0000 - 0x00007fff61ae5000 	C:\Program Files\Eclipse Adoptium\jdk-17.0.19.10-hotspot\bin\java.dll
0x00007fff56d20000 - 0x00007fff56df7000 	C:\Program Files\Eclipse Adoptium\jdk-17.0.19.10-hotspot\bin\jsvml.dll
0x00007ffff6700000 - 0x00007ffff6f9c000 	C:\WINDOWS\System32\SHELL32.dll
0x00007ffff45c0000 - 0x00007ffff46ff000 	C:\WINDOWS\System32\wintypes.dll
0x00007ffff2360000 - 0x00007ffff2c7a000 	C:\WINDOWS\SYSTEM32\windows.storage.dll
0x00007ffff5280000 - 0x00007ffff5384000 	C:\WINDOWS\System32\SHCORE.dll
0x00007ffff5a30000 - 0x00007ffff5a99000 	C:\WINDOWS\System32\shlwapi.dll
0x00007ffff43d0000 - 0x00007ffff43f5000 	C:\WINDOWS\SYSTEM32\profapi.dll
0x00007fff5e2c0000 - 0x00007fff5e2d8000 	C:\Program Files\Eclipse Adoptium\jdk-17.0.19.10-hotspot\bin\zip.dll
0x00007fff66430000 - 0x00007fff6644a000 	C:\Program Files\Eclipse Adoptium\jdk-17.0.19.10-hotspot\bin\net.dll
0x00007fffec5c0000 - 0x00007fffec6ec000 	C:\WINDOWS\SYSTEM32\WINHTTP.dll
0x00007ffff39f0000 - 0x00007ffff3a59000 	C:\WINDOWS\system32\mswsock.dll
0x00007fff64990000 - 0x00007fff649a6000 	C:\Program Files\Eclipse Adoptium\jdk-17.0.19.10-hotspot\bin\nio.dll
0x00007fffac9d0000 - 0x00007fffac9e0000 	C:\Program Files\Eclipse Adoptium\jdk-17.0.19.10-hotspot\bin\verify.dll
0x00007fffc5fb0000 - 0x00007fffc5fd7000 	C:\Users\USER\.gradle\native\1def1411415f61bf3af743bc5b6707747c0891f09f0c88961ee8f79bc544acac\windows-amd64\native-platform.dll
0x00007fff86b30000 - 0x00007fff86ba8000 	C:\Users\USER\.gradle\native\0.2.7\x86_64-windows-gnu\gradle-fileevents.dll
0x00007fff8dc80000 - 0x00007fff8dc8a000 	C:\Program Files\Eclipse Adoptium\jdk-17.0.19.10-hotspot\bin\management.dll
0x00007fff87610000 - 0x00007fff8761c000 	C:\Program Files\Eclipse Adoptium\jdk-17.0.19.10-hotspot\bin\management_ext.dll
0x00007ffff64a0000 - 0x00007ffff64a8000 	C:\WINDOWS\System32\PSAPI.DLL
0x00007ffff2f50000 - 0x00007ffff2f7d000 	C:\WINDOWS\SYSTEM32\IPHLPAPI.DLL
0x00007ffff5f70000 - 0x00007ffff5f79000 	C:\WINDOWS\System32\NSI.dll
0x00007fffec560000 - 0x00007fffec579000 	C:\WINDOWS\SYSTEM32\dhcpcsvc6.DLL
0x00007fffec4a0000 - 0x00007fffec4bf000 	C:\WINDOWS\SYSTEM32\dhcpcsvc.DLL
0x00007ffff2fc0000 - 0x00007ffff30b8000 	C:\WINDOWS\SYSTEM32\DNSAPI.dll
0x00007fff87600000 - 0x00007fff87609000 	C:\Program Files\Eclipse Adoptium\jdk-17.0.19.10-hotspot\bin\extnet.dll
0x00007ffff3d40000 - 0x00007ffff3d5b000 	C:\WINDOWS\SYSTEM32\CRYPTSP.dll
0x00007ffff3490000 - 0x00007ffff34c7000 	C:\WINDOWS\system32\rsaenh.dll
0x00007ffff3a90000 - 0x00007ffff3ab8000 	C:\WINDOWS\SYSTEM32\USERENV.dll
0x00007ffff3d20000 - 0x00007ffff3d2c000 	C:\WINDOWS\SYSTEM32\CRYPTBASE.dll
0x00007fff86e80000 - 0x00007fff86e8e000 	C:\Program Files\Eclipse Adoptium\jdk-17.0.19.10-hotspot\bin\sunmscapi.dll
0x00007ffff47d0000 - 0x00007ffff4938000 	C:\WINDOWS\System32\CRYPT32.dll
0x00007ffff3e60000 - 0x00007ffff3e8e000 	C:\WINDOWS\SYSTEM32\ncrypt.dll
0x00007ffff3e20000 - 0x00007ffff3e57000 	C:\WINDOWS\SYSTEM32\NTASN1.dll
0x00007fffbca30000 - 0x00007fffbca38000 	C:\WINDOWS\system32\wshunix.dll
0x00007fffe8820000 - 0x00007fffe882a000 	C:\Windows\System32\rasadhlp.dll
0x00007fffebd40000 - 0x00007fffebdc4000 	C:\WINDOWS\System32\fwpuclnt.dll
0x00007fffced80000 - 0x00007fffcedc1000 	C:\Users\USER\AppData\Local\Temp\jna-2614219\jna12832758494888327401.dll

dbghelp: loaded successfully - version: 4.0.5 - missing functions: none
symbol engine: initialized successfully - sym options: 0x614 - pdb path: .;C:\Program Files\Eclipse Adoptium\jdk-17.0.19.10-hotspot\bin;C:\WINDOWS\SYSTEM32;C:\WINDOWS\WinSxS\amd64_microsoft.windows.common-controls_6595b64144ccf1df_6.0.22621.6060_none_2712eda17382d24b;C:\Program Files\Eclipse Adoptium\jdk-17.0.19.10-hotspot\bin\server;C:\Users\USER\.gradle\native\1def1411415f61bf3af743bc5b6707747c0891f09f0c88961ee8f79bc544acac\windows-amd64;C:\Users\USER\.gradle\native\0.2.7\x86_64-windows-gnu;C:\Users\USER\AppData\Local\Temp\jna-2614219

VM Arguments:
jvm_args: --add-opens=java.base/java.lang=ALL-UNNAMED --add-opens=java.base/java.lang.invoke=ALL-UNNAMED --add-opens=java.base/java.util=ALL-UNNAMED --add-opens=java.prefs/java.util.prefs=ALL-UNNAMED --add-exports=jdk.compiler/com.sun.tools.javac.api=ALL-UNNAMED --add-exports=jdk.compiler/com.sun.tools.javac.util=ALL-UNNAMED --add-opens=java.base/java.util=ALL-UNNAMED --add-opens=java.prefs/java.util.prefs=ALL-UNNAMED --add-opens=java.base/java.nio.charset=ALL-UNNAMED --add-opens=java.base/java.net=ALL-UNNAMED --add-opens=java.base/java.util.concurrent.atomic=ALL-UNNAMED --add-opens=java.xml/javax.xml.namespace=ALL-UNNAMED -XX:MaxMetaspaceSize=512m -Xmx2048m -Dfile.encoding=windows-1252 -Duser.country=US -Duser.language=en -Duser.variant -javaagent:C:\Users\USER\.gradle\wrapper\dists\gradle-8.13-bin\5xuhj0ry160q40clulazy9h7d\gradle-8.13\lib\agents\gradle-instrumentation-agent-8.13.jar 
java_command: org.gradle.launcher.daemon.bootstrap.GradleDaemon 8.13
java_class_path (initial): C:\Users\USER\.gradle\wrapper\dists\gradle-8.13-bin\5xuhj0ry160q40clulazy9h7d\gradle-8.13\lib\gradle-daemon-main-8.13.jar
Launcher Type: SUN_STANDARD

[Global flags]
     intx CICompilerCount                          = 4                                         {product} {ergonomic}
   size_t CompressedClassSpaceSize                 = 436207616                                 {product} {ergonomic}
     uint ConcGCThreads                            = 2                                         {product} {ergonomic}
     uint G1ConcRefinementThreads                  = 8                                         {product} {ergonomic}
   size_t G1HeapRegionSize                         = 1048576                                   {product} {ergonomic}
    uintx GCDrainStackTargetSize                   = 64                                        {product} {ergonomic}
   size_t InitialHeapSize                          = 266338304                                 {product} {ergonomic}
   size_t MarkStackSize                            = 4194304                                   {product} {ergonomic}
   size_t MaxHeapSize                              = 2147483648                                {product} {command line}
   size_t MaxMetaspaceSize                         = 536870912                                 {product} {command line}
   size_t MaxNewSize                               = 1287651328                                {product} {ergonomic}
   size_t MinHeapDeltaBytes                        = 1048576                                   {product} {ergonomic}
   size_t MinHeapSize                              = 8388608                                   {product} {ergonomic}
    uintx NonNMethodCodeHeapSize                   = 5839372                                {pd product} {ergonomic}
    uintx NonProfiledCodeHeapSize                  = 122909434                              {pd product} {ergonomic}
    uintx ProfiledCodeHeapSize                     = 122909434                              {pd product} {ergonomic}
    uintx ReservedCodeCacheSize                    = 251658240                              {pd product} {ergonomic}
     bool SegmentedCodeCache                       = true                                      {product} {ergonomic}
   size_t SoftMaxHeapSize                          = 2147483648                             {manageable} {ergonomic}
     bool UseCompressedClassPointers               = true                           {product lp64_product} {ergonomic}
     bool UseCompressedOops                        = true                           {product lp64_product} {ergonomic}
     bool UseG1GC                                  = true                                      {product} {ergonomic}
     bool UseLargePagesIndividualAllocation        = false                                  {pd product} {ergonomic}

Logging:
Log output configuration:
 #0: stdout all=warning uptime,level,tags
 #1: stderr all=off uptime,level,tags

Environment Variables:
JAVA_HOME=C:\Program Files\Eclipse Adoptium\jdk-17.0.19.10-hotspot
PATH=C:\Program Files\Eclipse Adoptium\jdk-17.0.19.10-hotspot\bin;C:\Users\USER\AppData\Local\Android\Sdk\platform-tools;C:\Users\USER\AppData\Local\cloud-code\installer\google-cloud-sdk\bin;C:\Program Files\Common Files\Oracle\Java\javapath;C:\Python313\Scripts\;C:\Program Files (x86)\Common Files\Intel\Shared Libraries\redist\intel64\compiler;C:\WINDOWS\system32;C:\WINDOWS;C:\WINDOWS\System32\Wbem;C:\WINDOWS\System32\WindowsPowerShell\v1.0\;C:\WINDOWS\System32\OpenSSH\;C:\ProgramData\chocolatey\bin;C:\Program Files\Git\cmd;C:\Program Files\nodejs\;C:\Users\USER\AppData\Local\Programs\Python\Python311;C:\Program Files\Amazon\AWSCLIV2\;C:\Program Files\Docker\Docker\resources\bin;C:\Program Files\Java\jdk-25;C:\flutter\src\flutter\bin;C:\Program Files\dotnet\;C:\Users\USER\AppData\Local\Microsoft\WindowsApps;C:\Users\USER\AppData\Local\GitHubDesktop\bin;C:\Users\USER\AppData\Local\Programs\Microsoft VS Code\bin;C:\Program Files\nodejs;C:\Users\USER\AppData\Roaming\npm;C:\Users\USER\AppData\Local\Programs\Python\Python311;C:\Users\USER\AppData\Roaming\Microsoft\Windows\Start Menu\Programs\Python 3.11;C:\Users\USER\anaconda3\Library\bin\conda.bat;C:\Users\USER\anaconda3\Scripts\conda.exe;C:\Users\USER\anaconda3\condabin\conda.bat;C:\Users\USER\AppData\Local\Programs\Python\Python311\Scripts;C:\Users\USER\AppData\Local\Android\Sdk\platform-tools;C:\Users\USER\AppData\Local\Android\Sdk\tools;C:\Users\USER\AppData\Local\Android\Sdk\tools\binC:\Users\USER\AppData\Local\Android\Sdk\tools\bin;C:\Users\USER\AppData\Local\Android\Sdk\cmdline-tools\latest\bin;;C:\Users\USER\AppData\Local\Android\Sdk\emulator;C:\Program Files\Java\jdk-25\bin;C:\Users\USER\AppData\Local\Programs\Ollama;C:\Users\USER\.deno\bin;C:\Users\USER\AppData\Local\Programs\Antigravity\bin
USERNAME=USER
LANG=en_US.UTF-8
OS=Windows_NT
PROCESSOR_IDENTIFIER=Intel64 Family 6 Model 142 Stepping 10, GenuineIntel
TMP=C:\Users\USER\AppData\Local\Temp
TEMP=C:\Users\USER\AppData\Local\Temp



Periodic native trim disabled


---------------  S Y S T E M  ---------------

OS:
 Windows 11 , 64 bit Build 22621 (10.0.22621.5415)
OS uptime: 9 days 5:23 hours
Hyper-V role detected

CPU: total 8 (initial active 8) (4 cores per cpu, 2 threads per core) family 6 model 142 stepping 10 microcode 0xf6, cx8, cmov, fxsr, ht, mmx, 3dnowpref, sse, sse2, sse3, ssse3, sse4.1, sse4.2, popcnt, lzcnt, tsc, tscinvbit, avx, avx2, aes, erms, clmul, bmi1, bmi2, rtm, adx, fma, vzeroupper, clflush, clflushopt, hv
Processor Information for all 8 processors :
  Max Mhz: 2112, Current Mhz: 1910, Mhz Limit: 1900

Memory: 4k page, system-wide physical 16227M (439M free)
TotalPageFile size 62753M (AvailPageFile size 249M)
current process WorkingSet (physical memory assigned to process): 99M, peak: 518M
current process commit charge ("private bytes"): 588M, peak: 934M

vm_info: OpenJDK 64-Bit Server VM (17.0.19+10) for windows-amd64 JRE (17.0.19+10), built on Apr 25 2026 08:04:44 by "admin" with MS VC++ 17.12 (VS2022)

END.
